"Classe de Chuva", "MaxQ", "MinBER", "Attenuation", "Distancia" 
2, 599.435247, 0.0, 9.3240, 1km
2, 594.242736, 0.0, 9.38037, 1km
2, 589.085399, 0.0, 9.43675, 1km
2, 583.963097, 0.0, 9.49312, 1km
2, 578.875692, 0.0, 9.54949, 1km
2, 573.823042, 0.0, 9.60587, 1km
2, 568.805008, 0.0, 9.66224, 1km
2, 563.821449, 0.0, 9.71862, 1km
2, 558.872221, 0.0, 9.77499, 1km
2, 553.957184, 0.0, 9.83136, 1km
2, 549.076194, 0.0, 9.88774, 1km
2, 544.229108, 0.0, 9.94411, 1km
2, 539.415783, 0.0, 10.0005, 1km
2, 534.636073, 0.0, 10.0569, 1km
2, 529.889835, 0.0, 10.1132, 1km
2, 525.176924, 0.0, 10.1696, 1km
2, 520.497194, 0.0, 10.2260, 1km
2, 515.850499, 0.0, 10.2824, 1km
2, 511.236695, 0.0, 10.3387, 1km
2, 506.655634, 0.0, 10.3951, 1km
2, 502.10717, 0.0, 10.4515, 1km
2, 497.591157, 0.0, 10.5078, 1km
2, 493.107447, 0.0, 10.5642, 1km
2, 488.655894, 0.0, 10.6206, 1km
2, 484.23635, 0.0, 10.6770, 1km
2, 479.848667, 0.0, 10.7333, 1km
2, 475.492699, 0.0, 10.7897, 1km
2, 471.168297, 0.0, 10.8461, 1km
2, 466.875314, 0.0, 10.9025, 1km
2, 462.613602, 0.0, 10.9588, 1km
2, 458.383012, 0.0, 11.0152, 1km
2, 454.183397, 0.0, 11.0716, 1km
2, 450.014608, 0.0, 11.1280, 1km
2, 445.876498, 0.0, 11.1843, 1km
2, 441.768919, 0.0, 11.2407, 1km
2, 437.691721, 0.0, 11.2971, 1km
2, 433.644758, 0.0, 11.3535, 1km
2, 429.627881, 0.0, 11.4098, 1km
2, 425.640941, 0.0, 11.4662, 1km
2, 421.683792, 0.0, 11.5226, 1km
2, 417.756285, 0.0, 11.5789, 1km
2, 413.858272, 0.0, 11.6353, 1km
2, 409.989605, 0.0, 11.6917, 1km
2, 406.150138, 0.0, 11.7481, 1km
2, 402.339721, 0.0, 11.8044, 1km
2, 398.558208, 0.0, 11.8608, 1km
2, 394.805452, 0.0, 11.9172, 1km
2, 391.081305, 0.0, 11.9736, 1km
2, 387.38562, 0.0, 12.0299, 1km
2, 383.718251, 0.0, 12.0863, 1km
2, 380.07905, 0.0, 12.1427, 1km
2, 376.467872, 0.0, 12.1991, 1km
2, 372.884569, 0.0, 12.2554, 1km
2, 369.328996, 0.0, 12.3118, 1km
2, 365.801006, 0.0, 12.3682, 1km
2, 362.300454, 0.0, 12.4246, 1km
2, 358.827195, 0.0, 12.4809, 1km
2, 355.381082, 0.0, 12.5373, 1km
2, 351.961972, 0.0, 12.5937, 1km
2, 348.569718, 0.0, 12.6501, 1km
2, 345.204176, 0.0, 12.7064, 1km
2, 341.865203, 0.0, 12.7628, 1km
2, 338.552653, 0.0, 12.8192, 1km
2, 335.266382, 0.0, 12.8755, 1km
2, 332.006248, 0.0, 12.9319, 1km
2, 328.772106, 0.0, 12.9883, 1km
2, 325.563814, 0.0, 13.0447, 1km
2, 322.381228, 0.0, 13.1010, 1km
2, 319.224206, 0.0, 13.1574, 1km
2, 316.092606, 0.0, 13.2138, 1km
2, 312.986286, 0.0, 13.2702, 1km
2, 309.905103, 0.0, 13.3265, 1km
2, 306.848916, 0.0, 13.3829, 1km
2, 303.817585, 0.0, 13.4393, 1km
2, 300.810968, 0.0, 13.4957, 1km
2, 297.828924, 0.0, 13.5520, 1km
2, 294.871314, 0.0, 13.6084, 1km
2, 291.937997, 0.0, 13.6648, 1km
2, 289.028833, 0.0, 13.7212, 1km
2, 286.143684, 0.0, 13.7775, 1km
2, 283.28241, 0.0, 13.8339, 1km
2, 280.444872, 0.0, 13.8903, 1km
2, 277.630932, 0.0, 13.9466, 1km
2, 274.840452, 0.0, 14.0030, 1km
2, 272.073294, 0.0, 14.0594, 1km
2, 269.329321, 0.0, 14.1158, 1km
2, 266.608394, 0.0, 14.1721, 1km
2, 263.910379, 0.0, 14.2285, 1km
2, 261.235137, 0.0, 14.2849, 1km
2, 258.582533, 0.0, 14.3413, 1km
2, 255.95243, 0.0, 14.3976, 1km
2, 253.344695, 0.0, 14.4540, 1km
2, 250.75919, 0.0, 14.5104, 1km
2, 248.195782, 0.0, 14.5668, 1km
2, 245.654335, 0.0, 14.6231, 1km
2, 243.134716, 0.0, 14.6795, 1km
2, 240.636791, 0.0, 14.7359, 1km
2, 238.160426, 0.0, 14.7923, 1km
2, 235.705488, 0.0, 14.8486, 1km
2, 233.271845, 0.0, 14.9050, 1km
0, 1733.983315, 0.0, 1.2570, 1km
0, 1730.258658, 0.0, 1.27736, 1km
0, 1726.536352, 0.0, 1.29773, 1km
0, 1722.816425, 0.0, 1.31809, 1km
0, 1719.098905, 0.0, 1.33845, 1km
0, 1715.383821, 0.0, 1.35882, 1km
0, 1711.6712, 0.0, 1.37918, 1km
0, 1707.96107, 0.0, 1.39955, 1km
0, 1704.253458, 0.0, 1.41991, 1km
0, 1700.548393, 0.0, 1.44027, 1km
0, 1696.845902, 0.0, 1.46064, 1km
0, 1693.146011, 0.0, 1.4810, 1km
0, 1689.448748, 0.0, 1.50136, 1km
0, 1685.754141, 0.0, 1.52173, 1km
0, 1682.062215, 0.0, 1.54209, 1km
0, 1678.372998, 0.0, 1.56245, 1km
0, 1674.686516, 0.0, 1.58282, 1km
0, 1671.002795, 0.0, 1.60318, 1km
0, 1667.321863, 0.0, 1.62355, 1km
0, 1663.643745, 0.0, 1.64391, 1km
0, 1659.968467, 0.0, 1.66427, 1km
0, 1656.296055, 0.0, 1.68464, 1km
0, 1652.626535, 0.0, 1.7050, 1km
0, 1648.959932, 0.0, 1.72536, 1km
0, 1645.296273, 0.0, 1.74573, 1km
0, 1641.635582, 0.0, 1.76609, 1km
0, 1637.977885, 0.0, 1.78645, 1km
0, 1634.323206, 0.0, 1.80682, 1km
0, 1630.671572, 0.0, 1.82718, 1km
0, 1627.023006, 0.0, 1.84755, 1km
0, 1623.377533, 0.0, 1.86791, 1km
0, 1619.735177, 0.0, 1.88827, 1km
0, 1616.095964, 0.0, 1.90864, 1km
0, 1612.459918, 0.0, 1.9290, 1km
0, 1608.827062, 0.0, 1.94936, 1km
0, 1605.19742, 0.0, 1.96973, 1km
0, 1601.571016, 0.0, 1.99009, 1km
0, 1597.947875, 0.0, 2.01045, 1km
0, 1594.328019, 0.0, 2.03082, 1km
0, 1590.711471, 0.0, 2.05118, 1km
0, 1587.098256, 0.0, 2.07155, 1km
0, 1583.488396, 0.0, 2.09191, 1km
0, 1579.881914, 0.0, 2.11227, 1km
0, 1576.278834, 0.0, 2.13264, 1km
0, 1572.679176, 0.0, 2.1530, 1km
0, 1569.082965, 0.0, 2.17336, 1km
0, 1565.490223, 0.0, 2.19373, 1km
0, 1561.900971, 0.0, 2.21409, 1km
0, 1558.315232, 0.0, 2.23445, 1km
0, 1554.733028, 0.0, 2.25482, 1km
0, 1551.15438, 0.0, 2.27518, 1km
0, 1547.57931, 0.0, 2.29555, 1km
0, 1544.007841, 0.0, 2.31591, 1km
0, 1540.439992, 0.0, 2.33627, 1km
0, 1536.875785, 0.0, 2.35664, 1km
0, 1533.315242, 0.0, 2.3770, 1km
0, 1529.758382, 0.0, 2.39736, 1km
0, 1526.205228, 0.0, 2.41773, 1km
0, 1522.655799, 0.0, 2.43809, 1km
0, 1519.110116, 0.0, 2.45845, 1km
0, 1515.5682, 0.0, 2.47882, 1km
0, 1512.03007, 0.0, 2.49918, 1km
0, 1508.495746, 0.0, 2.51955, 1km
0, 1504.965249, 0.0, 2.53991, 1km
0, 1501.438598, 0.0, 2.56027, 1km
0, 1497.915812, 0.0, 2.58064, 1km
0, 1494.396912, 0.0, 2.6010, 1km
0, 1490.881915, 0.0, 2.62136, 1km
0, 1487.370843, 0.0, 2.64173, 1km
0, 1483.863712, 0.0, 2.66209, 1km
0, 1480.360543, 0.0, 2.68245, 1km
0, 1476.861354, 0.0, 2.70282, 1km
0, 1473.366163, 0.0, 2.72318, 1km
0, 1469.87499, 0.0, 2.74355, 1km
0, 1466.387851, 0.0, 2.76391, 1km
0, 1462.904765, 0.0, 2.78427, 1km
0, 1459.425751, 0.0, 2.80464, 1km
0, 1455.950826, 0.0, 2.8250, 1km
0, 1452.480007, 0.0, 2.84536, 1km
0, 1449.013312, 0.0, 2.86573, 1km
0, 1445.550759, 0.0, 2.88609, 1km
0, 1442.092364, 0.0, 2.90645, 1km
0, 1438.638145, 0.0, 2.92682, 1km
0, 1435.188119, 0.0, 2.94718, 1km
0, 1431.742302, 0.0, 2.96755, 1km
0, 1428.300711, 0.0, 2.98791, 1km
0, 1424.863363, 0.0, 3.00827, 1km
0, 1421.430273, 0.0, 3.02864, 1km
0, 1418.001459, 0.0, 3.0490, 1km
0, 1414.576935, 0.0, 3.06936, 1km
0, 1411.156719, 0.0, 3.08973, 1km
0, 1407.740825, 0.0, 3.11009, 1km
0, 1404.329269, 0.0, 3.13045, 1km
0, 1400.922067, 0.0, 3.15082, 1km
0, 1397.519235, 0.0, 3.17118, 1km
0, 1394.120786, 0.0, 3.19155, 1km
0, 1390.726737, 0.0, 3.21191, 1km
0, 1387.337102, 0.0, 3.23227, 1km
0, 1383.951896, 0.0, 3.25264, 1km
0, 1380.571133, 0.0, 3.2730, 1km
1, 1373.612406, 0.0, 3.3150, 1km
1, 1363.448159, 0.0, 3.37656, 1km
1, 1353.325298, 0.0, 3.43811, 1km
1, 1343.244193, 0.0, 3.49967, 1km
1, 1333.205205, 0.0, 3.56122, 1km
1, 1323.208682, 0.0, 3.62278, 1km
1, 1313.254962, 0.0, 3.68433, 1km
1, 1303.344369, 0.0, 3.74589, 1km
1, 1293.477218, 0.0, 3.80744, 1km
1, 1283.653813, 0.0, 3.8690, 1km
1, 1273.874446, 0.0, 3.93056, 1km
1, 1264.139397, 0.0, 3.99211, 1km
1, 1254.448939, 0.0, 4.05367, 1km
1, 1244.80333, 0.0, 4.11522, 1km
1, 1235.20282, 0.0, 4.17678, 1km
1, 1225.647648, 0.0, 4.23833, 1km
1, 1216.138042, 0.0, 4.29989, 1km
1, 1206.674222, 0.0, 4.36144, 1km
1, 1197.256396, 0.0, 4.4230, 1km
1, 1187.884762, 0.0, 4.48456, 1km
1, 1178.559511, 0.0, 4.54611, 1km
1, 1169.28082, 0.0, 4.60767, 1km
1, 1160.04886, 0.0, 4.66922, 1km
1, 1150.863792, 0.0, 4.73078, 1km
1, 1141.725768, 0.0, 4.79233, 1km
1, 1132.634929, 0.0, 4.85389, 1km
1, 1123.59141, 0.0, 4.91544, 1km
1, 1114.595335, 0.0, 4.9770, 1km
1, 1105.64682, 0.0, 5.03856, 1km
1, 1096.745975, 0.0, 5.10011, 1km
1, 1087.892898, 0.0, 5.16167, 1km
1, 1079.087681, 0.0, 5.22322, 1km
1, 1070.330407, 0.0, 5.28478, 1km
1, 1061.621152, 0.0, 5.34633, 1km
1, 1052.959984, 0.0, 5.40789, 1km
1, 1044.346963, 0.0, 5.46944, 1km
1, 1035.782143, 0.0, 5.5310, 1km
1, 1027.265569, 0.0, 5.59256, 1km
1, 1018.79728, 0.0, 5.65411, 1km
1, 1010.377307, 0.0, 5.71567, 1km
1, 1002.005675, 0.0, 5.77722, 1km
1, 993.682403, 0.0, 5.83878, 1km
1, 985.407501, 0.0, 5.90033, 1km
1, 977.180975, 0.0, 5.96189, 1km
1, 969.002824, 0.0, 6.02344, 1km
1, 960.87304, 0.0, 6.0850, 1km
1, 952.791611, 0.0, 6.14656, 1km
1, 944.758516, 0.0, 6.20811, 1km
1, 936.773731, 0.0, 6.26967, 1km
1, 928.837226, 0.0, 6.33122, 1km
1, 920.948964, 0.0, 6.39278, 1km
1, 913.108903, 0.0, 6.45433, 1km
1, 905.316998, 0.0, 6.51589, 1km
1, 897.573197, 0.0, 6.57744, 1km
1, 889.877443, 0.0, 6.6390, 1km
1, 882.229673, 0.0, 6.70056, 1km
1, 874.629823, 0.0, 6.76211, 1km
1, 867.077821, 0.0, 6.82367, 1km
1, 859.573592, 0.0, 6.88522, 1km
1, 852.117056, 0.0, 6.94678, 1km
1, 844.708128, 0.0, 7.00833, 1km
1, 837.346721, 0.0, 7.06989, 1km
1, 830.032743, 0.0, 7.13144, 1km
1, 822.766097, 0.0, 7.1930, 1km
1, 815.546683, 0.0, 7.25456, 1km
1, 808.374397, 0.0, 7.31611, 1km
1, 801.249133, 0.0, 7.37767, 1km
1, 794.170779, 0.0, 7.43922, 1km
1, 787.139221, 0.0, 7.50078, 1km
1, 780.154342, 0.0, 7.56233, 1km
1, 773.21602, 0.0, 7.62389, 1km
1, 766.324131, 0.0, 7.68544, 1km
1, 759.47855, 0.0, 7.7470, 1km
1, 752.679146, 0.0, 7.80856, 1km
1, 745.925785, 0.0, 7.87011, 1km
1, 739.218334, 0.0, 7.93167, 1km
1, 732.556652, 0.0, 7.99322, 1km
1, 725.940601, 0.0, 8.05478, 1km
1, 719.370036, 0.0, 8.11633, 1km
1, 712.844813, 0.0, 8.17789, 1km
1, 706.364782, 0.0, 8.23944, 1km
1, 699.929794, 0.0, 8.3010, 1km
1, 693.539696, 0.0, 8.36256, 1km
1, 687.194334, 0.0, 8.42411, 1km
1, 680.893551, 0.0, 8.48567, 1km
1, 674.637189, 0.0, 8.54722, 1km
1, 668.425088, 0.0, 8.60878, 1km
1, 662.257085, 0.0, 8.67033, 1km
1, 656.133016, 0.0, 8.73189, 1km
1, 650.052715, 0.0, 8.79344, 1km
1, 644.016017, 0.0, 8.8550, 1km
1, 638.022751, 0.0, 8.91656, 1km
1, 632.072747, 0.0, 8.97811, 1km
1, 626.165834, 0.0, 9.03967, 1km
1, 620.301839, 0.0, 9.10122, 1km
1, 614.480587, 0.0, 9.16278, 1km
1, 608.701903, 0.0, 9.22433, 1km
1, 602.965609, 0.0, 9.28589, 1km
1, 597.271529, 0.0, 9.34744, 1km
1, 591.619483, 0.0, 9.4090, 1km
3, 237.167258, 0.0, 14.8150, 1km
3, 233.304408, 0.0, 14.9042, 1km
3, 229.494595, 0.0, 14.9935, 1km
3, 225.737295, 0.0, 15.0827, 1km
3, 222.031987, 0.0, 15.1720, 1km
3, 218.37815, 0.0, 15.2612, 1km
3, 214.775268, 0.0, 15.3505, 1km
3, 211.222825, 0.0, 15.4397, 1km
3, 207.720308, 0.0, 15.5289, 1km
3, 204.267208, 0.0, 15.6182, 1km
3, 200.863014, 0.0, 15.7074, 1km
3, 197.507222, 0.0, 15.7967, 1km
3, 194.199326, 0.0, 15.8859, 1km
3, 190.938826, 0.0, 15.9752, 1km
3, 187.725223, 0.0, 16.0644, 1km
3, 184.558017, 0.0, 16.1536, 1km
3, 181.436716, 0.0, 16.2429, 1km
3, 178.360826, 0.0, 16.3321, 1km
3, 175.329857, 0.0, 16.4214, 1km
3, 172.343322, 0.0, 16.5106, 1km
3, 169.400734, 0.0, 16.5998, 1km
3, 166.50161, 0.0, 16.6891, 1km
3, 163.64547, 0.0, 16.7783, 1km
3, 160.831836, 0.0, 16.8676, 1km
3, 158.06023, 0.0, 16.9568, 1km
3, 155.33018, 0.0, 17.0461, 1km
3, 152.641214, 0.0, 17.1353, 1km
3, 149.992864, 0.0, 17.2245, 1km
3, 147.384663, 0.0, 17.3138, 1km
3, 144.816148, 0.0, 17.4030, 1km
3, 142.286856, 0.0, 17.4923, 1km
3, 139.796331, 0.0, 17.5815, 1km
3, 137.344114, 0.0, 17.6708, 1km
3, 134.929753, 0.0, 17.76, 1km
3, 132.552797, 0.0, 17.8492, 1km
3, 130.212797, 0.0, 17.9385, 1km
3, 127.909307, 0.0, 18.0277, 1km
3, 125.641884, 0.0, 18.1170, 1km
3, 123.410087, 0.0, 18.2062, 1km
3, 121.21348, 0.0, 18.2955, 1km
3, 119.051625, 0.0, 18.3847, 1km
3, 116.924092, 0.0, 18.4739, 1km
3, 114.83045, 0.0, 18.5632, 1km
3, 112.770273, 0.0, 18.6524, 1km
3, 110.743136, 0.0, 18.7417, 1km
3, 108.748618, 0.0, 18.8309, 1km
3, 106.786302, 0.0, 18.9202, 1km
3, 104.85577, 0.0, 19.0094, 1km
3, 102.956611, 0.0, 19.0986, 1km
3, 101.088415, 0.0, 19.1879, 1km
3, 99.250775, 0.0, 19.2771, 1km
3, 97.443287, 0.0, 19.3664, 1km
3, 95.66555, 0.0, 19.4556, 1km
3, 93.917167, 0.0, 19.5448, 1km
3, 92.197742, 0.0, 19.6341, 1km
3, 90.506885, 0.0, 19.7233, 1km
3, 88.844205, 0.0, 19.8126, 1km
3, 87.209318, 0.0, 19.9018, 1km
3, 85.60184, 0.0, 19.9911, 1km
3, 84.021393, 0.0, 20.0803, 1km
3, 82.467601, 0.0, 20.1695, 1km
3, 80.940089, 0.0, 20.2588, 1km
3, 79.438489, 0.0, 20.3480, 1km
3, 77.962433, 0.0, 20.4373, 1km
3, 76.511558, 0.0, 20.5265, 1km
3, 75.085503, 0.0, 20.6158, 1km
3, 73.683912, 0.0, 20.7050, 1km
3, 72.306431, 0.0, 20.7942, 1km
3, 70.95271, 0.0, 20.8835, 1km
3, 69.6224, 0.0, 20.9727, 1km
3, 68.315159, 0.0, 21.0620, 1km
3, 67.030646, 0.0, 21.1512, 1km
3, 65.768523, 0.0, 21.2405, 1km
3, 64.528456, 0.0, 21.3297, 1km
3, 63.310115, 0.0, 21.4189, 1km
3, 62.113173, 0.0, 21.5082, 1km
3, 60.937306, 0.0, 21.5974, 1km
3, 59.795541, 0.0, 21.6867, 1km
3, 58.673703, 0.0, 21.7759, 1km
3, 57.570962, 0.0, 21.8652, 1km
3, 56.48707, 0.0, 21.9544, 1km
3, 55.421782, 0.0, 22.0436, 1km
3, 54.374851, 0.0, 22.1329, 1km
3, 53.346029, 0.0, 22.2221, 1km
3, 52.335071, 0.0, 22.3114, 1km
3, 51.34173, 0.0, 22.4006, 1km
3, 50.365762, 0.0, 22.4898, 1km
3, 49.406922, 0.0, 22.5791, 1km
3, 48.464967, 0.0, 22.6683, 1km
3, 47.539654, 0.0, 22.7576, 1km
3, 46.630742, 0.0, 22.8468, 1km
3, 45.73799, 0.0, 22.9361, 1km
3, 44.861161, 0.0, 23.0253, 1km
3, 44.000018, 0.0, 23.1145, 1km
3, 43.154323, 0.0, 23.2038, 1km
3, 42.323845, 0.0, 23.2930, 1km
3, 41.562309, 0.0, 23.3823, 1km
3, 40.849493, 0.0, 23.4715, 1km
3, 40.145242, 0.0, 23.5608, 1km
3, 39.449621, 0.0, 23.65, 1km
2, 145.7953, 0.0, 9.3240, 1.5km
2, 143.383544, 0.0, 9.38037, 1.5km
2, 141.006772, 0.0, 9.43675, 1.5km
2, 138.664594, 0.0, 9.49312, 1.5km
2, 136.356624, 0.0, 9.54949, 1.5km
2, 134.082477, 0.0, 9.60587, 1.5km
2, 131.841769, 0.0, 9.66224, 1.5km
2, 129.634121, 0.0, 9.71862, 1.5km
2, 127.459153, 0.0, 9.77499, 1.5km
2, 125.316488, 0.0, 9.83136, 1.5km
2, 123.205753, 0.0, 9.88774, 1.5km
2, 121.126575, 0.0, 9.94411, 1.5km
2, 119.078584, 0.0, 10.0005, 1.5km
2, 117.061413, 0.0, 10.0569, 1.5km
2, 115.074695, 0.0, 10.1132, 1.5km
2, 113.118068, 0.0, 10.1696, 1.5km
2, 111.191169, 0.0, 10.2260, 1.5km
2, 109.293641, 0.0, 10.2824, 1.5km
2, 107.425127, 0.0, 10.3387, 1.5km
2, 105.585272, 0.0, 10.3951, 1.5km
2, 103.773725, 0.0, 10.4515, 1.5km
2, 101.990136, 0.0, 10.5078, 1.5km
2, 100.234158, 0.0, 10.5642, 1.5km
2, 98.505445, 0.0, 10.6206, 1.5km
2, 96.803656, 0.0, 10.6770, 1.5km
2, 95.128451, 0.0, 10.7333, 1.5km
2, 93.479491, 0.0, 10.7897, 1.5km
2, 91.856442, 0.0, 10.8461, 1.5km
2, 90.258971, 0.0, 10.9025, 1.5km
2, 88.686747, 0.0, 10.9588, 1.5km
2, 87.139443, 0.0, 11.0152, 1.5km
2, 85.616734, 0.0, 11.0716, 1.5km
2, 84.118297, 0.0, 11.1280, 1.5km
2, 82.643811, 0.0, 11.1843, 1.5km
2, 81.19296, 0.0, 11.2407, 1.5km
2, 79.765427, 0.0, 11.2971, 1.5km
2, 78.360901, 0.0, 11.3535, 1.5km
2, 76.979071, 0.0, 11.4098, 1.5km
2, 75.61963, 0.0, 11.4662, 1.5km
2, 74.282274, 0.0, 11.5226, 1.5km
2, 72.966701, 0.0, 11.5789, 1.5km
2, 71.67261, 0.0, 11.6353, 1.5km
2, 70.399705, 0.0, 11.6917, 1.5km
2, 69.147693, 0.0, 11.7481, 1.5km
2, 67.916281, 0.0, 11.8044, 1.5km
2, 66.705181, 0.0, 11.8608, 1.5km
2, 65.514106, 0.0, 11.9172, 1.5km
2, 64.342774, 0.0, 11.9736, 1.5km
2, 63.190903, 0.0, 12.0299, 1.5km
2, 62.058215, 0.0, 12.0863, 1.5km
2, 60.944436, 0.0, 12.1427, 1.5km
2, 59.861855, 0.0, 12.1991, 1.5km
2, 58.797326, 0.0, 12.2554, 1.5km
2, 57.749968, 0.0, 12.3118, 1.5km
2, 56.719569, 0.0, 12.3682, 1.5km
2, 55.705922, 0.0, 12.4246, 1.5km
2, 54.708814, 0.0, 12.4809, 1.5km
2, 53.728037, 0.0, 12.5373, 1.5km
2, 52.763381, 0.0, 12.5937, 1.5km
2, 51.814637, 0.0, 12.6501, 1.5km
2, 50.881595, 0.0, 12.7064, 1.5km
2, 49.964047, 0.0, 12.7628, 1.5km
2, 49.061787, 0.0, 12.8192, 1.5km
2, 48.174607, 0.0, 12.8755, 1.5km
2, 47.302301, 0.0, 12.9319, 1.5km
2, 46.444664, 0.0, 12.9883, 1.5km
2, 45.601492, 0.0, 13.0447, 1.5km
2, 44.772583, 0.0, 13.1010, 1.5km
2, 43.957735, 0.0, 13.1574, 1.5km
2, 43.156747, 0.0, 13.2138, 1.5km
2, 42.369421, 0.0, 13.2702, 1.5km
2, 41.63967, 0.0, 13.3265, 1.5km
2, 40.963167, 0.0, 13.3829, 1.5km
2, 40.294343, 0.0, 13.4393, 1.5km
2, 39.633256, 0.0, 13.4957, 1.5km
2, 38.979956, 0.0, 13.5520, 1.5km
2, 38.334487, 0.0, 13.6084, 1.5km
2, 37.696884, 0.0, 13.6648, 1.5km
2, 37.067177, 0.0, 13.7212, 1.5km
2, 36.445389, 0.0, 13.7775, 1.5km
2, 35.831536, 0.0, 13.8339, 1.5km
2, 35.225786, 0.0, 13.8903, 1.5km
2, 34.631668, 0.0, 13.9466, 1.5km
2, 34.045154, 0.0, 14.0030, 1.5km
2, 33.466258, 0.0, 14.0594, 1.5km
2, 32.894989, 0.0, 14.1158, 1.5km
2, 32.331348, 0.0, 14.1721, 1.5km
2, 31.775332, 0.0, 14.2285, 1.5km
2, 31.226932, 0.0, 14.2849, 1.5km
2, 30.686134, 0.0, 14.3413, 1.5km
2, 30.152921, 0.0, 14.3976, 1.5km
2, 29.627269, 0.0, 14.4540, 1.5km
2, 29.109151, 0.0, 14.5104, 1.5km
2, 28.598536, 0.0, 14.5668, 1.5km
2, 28.095387, 0.0, 14.6231, 1.5km
2, 27.599667, 0.0, 14.6795, 1.5km
2, 27.111332, 0.0, 14.7359, 1.5km
2, 26.630337, 0.0, 14.7923, 1.5km
2, 26.156633, 0.0, 14.8486, 1.5km
2, 25.690169, 0.0, 14.9050, 1.5km
0, 1072.663116, 0.0, 1.2570, 1.5km
0, 1068.328992, 0.0, 1.27736, 1.5km
0, 1064.006695, 0.0, 1.29773, 1.5km
0, 1059.696236, 0.0, 1.31809, 1.5km
0, 1055.397621, 0.0, 1.33845, 1.5km
0, 1051.110858, 0.0, 1.35882, 1.5km
0, 1046.835953, 0.0, 1.37918, 1.5km
0, 1042.572914, 0.0, 1.39955, 1.5km
0, 1038.321747, 0.0, 1.41991, 1.5km
0, 1034.082457, 0.0, 1.44027, 1.5km
0, 1029.855049, 0.0, 1.46064, 1.5km
0, 1025.639527, 0.0, 1.4810, 1.5km
0, 1021.435898, 0.0, 1.50136, 1.5km
0, 1017.244163, 0.0, 1.52173, 1.5km
0, 1013.064328, 0.0, 1.54209, 1.5km
0, 1008.896394, 0.0, 1.56245, 1.5km
0, 1004.740365, 0.0, 1.58282, 1.5km
0, 1000.596242, 0.0, 1.60318, 1.5km
0, 996.464029, 0.0, 1.62355, 1.5km
0, 992.343725, 0.0, 1.64391, 1.5km
0, 988.235333, 0.0, 1.66427, 1.5km
0, 984.138852, 0.0, 1.68464, 1.5km
0, 980.054284, 0.0, 1.7050, 1.5km
0, 975.981628, 0.0, 1.72536, 1.5km
0, 971.920884, 0.0, 1.74573, 1.5km
0, 967.87205, 0.0, 1.76609, 1.5km
0, 963.835127, 0.0, 1.78645, 1.5km
0, 959.810111, 0.0, 1.80682, 1.5km
0, 955.797002, 0.0, 1.82718, 1.5km
0, 951.795797, 0.0, 1.84755, 1.5km
0, 947.806493, 0.0, 1.86791, 1.5km
0, 943.829087, 0.0, 1.88827, 1.5km
0, 939.863577, 0.0, 1.90864, 1.5km
0, 935.909958, 0.0, 1.9290, 1.5km
0, 931.968227, 0.0, 1.94936, 1.5km
0, 928.038378, 0.0, 1.96973, 1.5km
0, 924.120409, 0.0, 1.99009, 1.5km
0, 920.214313, 0.0, 2.01045, 1.5km
0, 916.320085, 0.0, 2.03082, 1.5km
0, 912.43772, 0.0, 2.05118, 1.5km
0, 908.567212, 0.0, 2.07155, 1.5km
0, 904.708554, 0.0, 2.09191, 1.5km
0, 900.861741, 0.0, 2.11227, 1.5km
0, 897.026764, 0.0, 2.13264, 1.5km
0, 893.203618, 0.0, 2.1530, 1.5km
0, 889.392294, 0.0, 2.17336, 1.5km
0, 885.592786, 0.0, 2.19373, 1.5km
0, 881.805084, 0.0, 2.21409, 1.5km
0, 878.029181, 0.0, 2.23445, 1.5km
0, 874.265069, 0.0, 2.25482, 1.5km
0, 870.512737, 0.0, 2.27518, 1.5km
0, 866.772178, 0.0, 2.29555, 1.5km
0, 863.043382, 0.0, 2.31591, 1.5km
0, 859.326338, 0.0, 2.33627, 1.5km
0, 855.621039, 0.0, 2.35664, 1.5km
0, 851.927472, 0.0, 2.3770, 1.5km
0, 848.245628, 0.0, 2.39736, 1.5km
0, 844.575496, 0.0, 2.41773, 1.5km
0, 840.917065, 0.0, 2.43809, 1.5km
0, 837.270325, 0.0, 2.45845, 1.5km
0, 833.635262, 0.0, 2.47882, 1.5km
0, 830.011867, 0.0, 2.49918, 1.5km
0, 826.400127, 0.0, 2.51955, 1.5km
0, 822.80003, 0.0, 2.53991, 1.5km
0, 819.211564, 0.0, 2.56027, 1.5km
0, 815.634715, 0.0, 2.58064, 1.5km
0, 812.069472, 0.0, 2.6010, 1.5km
0, 808.515821, 0.0, 2.62136, 1.5km
0, 804.973749, 0.0, 2.64173, 1.5km
0, 801.443243, 0.0, 2.66209, 1.5km
0, 797.924289, 0.0, 2.68245, 1.5km
0, 794.416873, 0.0, 2.70282, 1.5km
0, 790.920982, 0.0, 2.72318, 1.5km
0, 787.4366, 0.0, 2.74355, 1.5km
0, 783.963713, 0.0, 2.76391, 1.5km
0, 780.502307, 0.0, 2.78427, 1.5km
0, 777.052367, 0.0, 2.80464, 1.5km
0, 773.613878, 0.0, 2.8250, 1.5km
0, 770.186825, 0.0, 2.84536, 1.5km
0, 766.771192, 0.0, 2.86573, 1.5km
0, 763.366963, 0.0, 2.88609, 1.5km
0, 759.974124, 0.0, 2.90645, 1.5km
0, 756.592657, 0.0, 2.92682, 1.5km
0, 753.222547, 0.0, 2.94718, 1.5km
0, 749.863778, 0.0, 2.96755, 1.5km
0, 746.516334, 0.0, 2.98791, 1.5km
0, 743.180196, 0.0, 3.00827, 1.5km
0, 739.85535, 0.0, 3.02864, 1.5km
0, 736.541777, 0.0, 3.0490, 1.5km
0, 733.239461, 0.0, 3.06936, 1.5km
0, 729.948385, 0.0, 3.08973, 1.5km
0, 726.66853, 0.0, 3.11009, 1.5km
0, 723.39988, 0.0, 3.13045, 1.5km
0, 720.142418, 0.0, 3.15082, 1.5km
0, 716.896124, 0.0, 3.17118, 1.5km
0, 713.660981, 0.0, 3.19155, 1.5km
0, 710.436971, 0.0, 3.21191, 1.5km
0, 707.224076, 0.0, 3.23227, 1.5km
0, 704.022277, 0.0, 3.25264, 1.5km
0, 700.831556, 0.0, 3.2730, 1.5km
1, 694.2856, 0.0, 3.3150, 1.5km
1, 684.776446, 0.0, 3.37656, 1.5km
1, 675.367459, 0.0, 3.43811, 1.5km
1, 666.0581, 0.0, 3.49967, 1.5km
1, 656.847821, 0.0, 3.56122, 1.5km
1, 647.736064, 0.0, 3.62278, 1.5km
1, 638.722266, 0.0, 3.68433, 1.5km
1, 629.805852, 0.0, 3.74589, 1.5km
1, 620.986244, 0.0, 3.80744, 1.5km
1, 612.262854, 0.0, 3.8690, 1.5km
1, 603.63509, 0.0, 3.93056, 1.5km
1, 595.102351, 0.0, 3.99211, 1.5km
1, 586.664033, 0.0, 4.05367, 1.5km
1, 578.319527, 0.0, 4.11522, 1.5km
1, 570.068217, 0.0, 4.17678, 1.5km
1, 561.909485, 0.0, 4.23833, 1.5km
1, 553.842708, 0.0, 4.29989, 1.5km
1, 545.867258, 0.0, 4.36144, 1.5km
1, 537.982506, 0.0, 4.4230, 1.5km
1, 530.187818, 0.0, 4.48456, 1.5km
1, 522.482557, 0.0, 4.54611, 1.5km
1, 514.866086, 0.0, 4.60767, 1.5km
1, 507.337763, 0.0, 4.66922, 1.5km
1, 499.896946, 0.0, 4.73078, 1.5km
1, 492.542989, 0.0, 4.79233, 1.5km
1, 485.275246, 0.0, 4.85389, 1.5km
1, 478.093071, 0.0, 4.91544, 1.5km
1, 470.995813, 0.0, 4.9770, 1.5km
1, 463.982825, 0.0, 5.03856, 1.5km
1, 457.053456, 0.0, 5.10011, 1.5km
1, 450.207056, 0.0, 5.16167, 1.5km
1, 443.442974, 0.0, 5.22322, 1.5km
1, 436.760558, 0.0, 5.28478, 1.5km
1, 430.159159, 0.0, 5.34633, 1.5km
1, 423.638126, 0.0, 5.40789, 1.5km
1, 417.196808, 0.0, 5.46944, 1.5km
1, 410.834556, 0.0, 5.5310, 1.5km
1, 404.550721, 0.0, 5.59256, 1.5km
1, 398.344654, 0.0, 5.65411, 1.5km
1, 392.215709, 0.0, 5.71567, 1.5km
1, 386.163238, 0.0, 5.77722, 1.5km
1, 380.186596, 0.0, 5.83878, 1.5km
1, 374.28514, 0.0, 5.90033, 1.5km
1, 368.458226, 0.0, 5.96189, 1.5km
1, 362.705212, 0.0, 6.02344, 1.5km
1, 357.02546, 0.0, 6.0850, 1.5km
1, 351.41833, 0.0, 6.14656, 1.5km
1, 345.883186, 0.0, 6.20811, 1.5km
1, 340.419392, 0.0, 6.26967, 1.5km
1, 335.026316, 0.0, 6.33122, 1.5km
1, 329.703325, 0.0, 6.39278, 1.5km
1, 324.44979, 0.0, 6.45433, 1.5km
1, 319.265082, 0.0, 6.51589, 1.5km
1, 314.148578, 0.0, 6.57744, 1.5km
1, 309.099651, 0.0, 6.6390, 1.5km
1, 304.117682, 0.0, 6.70056, 1.5km
1, 299.202049, 0.0, 6.76211, 1.5km
1, 294.352136, 0.0, 6.82367, 1.5km
1, 289.567327, 0.0, 6.88522, 1.5km
1, 284.84701, 0.0, 6.94678, 1.5km
1, 280.190572, 0.0, 7.00833, 1.5km
1, 275.597406, 0.0, 7.06989, 1.5km
1, 271.066906, 0.0, 7.13144, 1.5km
1, 266.598466, 0.0, 7.1930, 1.5km
1, 262.191486, 0.0, 7.25456, 1.5km
1, 257.845367, 0.0, 7.31611, 1.5km
1, 253.55951, 0.0, 7.37767, 1.5km
1, 249.333321, 0.0, 7.43922, 1.5km
1, 245.166209, 0.0, 7.50078, 1.5km
1, 241.057584, 0.0, 7.56233, 1.5km
1, 237.006857, 0.0, 7.62389, 1.5km
1, 233.013445, 0.0, 7.68544, 1.5km
1, 229.076764, 0.0, 7.7470, 1.5km
1, 225.196236, 0.0, 7.80856, 1.5km
1, 221.371281, 0.0, 7.87011, 1.5km
1, 217.601326, 0.0, 7.93167, 1.5km
1, 213.885797, 0.0, 7.99322, 1.5km
1, 210.224126, 0.0, 8.05478, 1.5km
1, 206.615744, 0.0, 8.11633, 1.5km
1, 203.060086, 0.0, 8.17789, 1.5km
1, 199.556591, 0.0, 8.23944, 1.5km
1, 196.104698, 0.0, 8.3010, 1.5km
1, 192.70385, 0.0, 8.36256, 1.5km
1, 189.353493, 0.0, 8.42411, 1.5km
1, 186.053075, 0.0, 8.48567, 1.5km
1, 182.802047, 0.0, 8.54722, 1.5km
1, 179.599861, 0.0, 8.60878, 1.5km
1, 176.445974, 0.0, 8.67033, 1.5km
1, 173.339844, 0.0, 8.73189, 1.5km
1, 170.280933, 0.0, 8.79344, 1.5km
1, 167.268705, 0.0, 8.8550, 1.5km
1, 164.302626, 0.0, 8.91656, 1.5km
1, 161.382166, 0.0, 8.97811, 1.5km
1, 158.506796, 0.0, 9.03967, 1.5km
1, 155.675993, 0.0, 9.10122, 1.5km
1, 152.889233, 0.0, 9.16278, 1.5km
1, 150.145998, 0.0, 9.22433, 1.5km
1, 147.44577, 0.0, 9.28589, 1.5km
1, 144.788036, 0.0, 9.34744, 1.5km
1, 142.172285, 0.0, 9.4090, 1.5km
3, 26.438317, 0.0, 14.8150, 1.5km
3, 25.696389, 0.0, 14.9042, 1.5km
3, 24.972469, 0.0, 14.9935, 1.5km
3, 24.266326, 0.0, 15.0827, 1.5km
3, 23.57772, 0.0, 15.1720, 1.5km
3, 22.906396, 0.0, 15.2612, 1.5km
3, 22.252088, 0.0, 15.3505, 1.5km
3, 21.61452, 0.0, 15.4397, 1.5km
3, 20.99341, 0.0, 15.5289, 1.5km
3, 20.388467, 0.0, 15.6182, 1.5km
3, 19.799396, 0.0, 15.7074, 1.5km
3, 19.225895, 0.0, 15.7967, 1.5km
3, 18.667661, 0.0, 15.8859, 1.5km
3, 18.124387, 0.0, 15.9752, 1.5km
3, 17.595765, 0.0, 16.0644, 1.5km
3, 17.081485, 0.0, 16.1536, 1.5km
3, 16.581237, 0.0, 16.2429, 1.5km
3, 16.094712, 0.0, 16.3321, 1.5km
3, 15.621601, 0.0, 16.4214, 1.5km
3, 15.161598, 0.0, 16.5106, 1.5km
3, 14.714398, 0.0, 16.5998, 1.5km
3, 14.279699, 0.0, 16.6891, 1.5km
3, 13.8572, 0.0, 16.7783, 1.5km
3, 13.446607, 0.0, 16.8676, 1.5km
3, 13.047625, 0.0, 16.9568, 1.5km
3, 12.659967, 0.0, 17.0461, 1.5km
3, 12.283348, 0.0, 17.1353, 1.5km
3, 11.917487, 0.0, 17.2245, 1.5km
3, 11.562109, 0.0, 17.3138, 1.5km
3, 11.216941, 0.0, 17.4030, 1.5km
3, 10.881718, 0.0, 17.4923, 1.5km
3, 10.556178, 0.0, 17.5815, 1.5km
3, 10.240064, 0.0, 17.6708, 1.5km
3, 9.933124, 0.0, 17.76, 1.5km
3, 9.635112, 0.0, 17.8492, 1.5km
3, 9.345787, 0.0, 17.9385, 1.5km
3, 9.064911, 0.0, 18.0277, 1.5km
3, 8.792254, 0.0, 18.1170, 1.5km
3, 8.52759, 0.0, 18.2062, 1.5km
3, 8.270697, 0.0, 18.2955, 1.5km
3, 8.021459, 0.0, 18.3847, 1.5km
3, 7.779877, 0.0, 18.4739, 1.5km
3, 7.545408, 0.0, 18.5632, 1.5km
3, 7.317853, 0.0, 18.6524, 1.5km
3, 7.097016, 0.0, 18.7417, 1.5km
3, 6.882708, 0.0, 18.8309, 1.5km
3, 6.674743, 0.0, 18.9202, 1.5km
3, 6.472941, 0.0, 19.0094, 1.5km
3, 6.277126, 0.0, 19.0986, 1.5km
3, 6.087126, 0.0, 19.1879, 1.5km
3, 5.902775, 0.0, 19.2771, 1.5km
3, 5.723909, 0.0, 19.3664, 1.5km
3, 5.55037, 0.0, 19.4556, 1.5km
3, 5.382005, 0.0, 19.5448, 1.5km
3, 5.218664, 0.0, 19.6341, 1.5km
3, 5.060199, 0.0, 19.7233, 1.5km
3, 4.90647, 0.0, 19.8126, 1.5km
3, 4.757339, 1e-06, 19.9018, 1.5km
3, 4.612671, 2e-06, 19.9911, 1.5km
3, 4.472335, 4e-06, 20.0803, 1.5km
3, 4.336205, 7e-06, 20.1695, 1.5km
3, 4.204156, 1.3e-05, 20.2588, 1.5km
3, 4.07607, 2.3e-05, 20.3480, 1.5km
3, 3.951829, 3.9e-05, 20.4373, 1.5km
3, 3.831319, 6.4e-05, 20.5265, 1.5km
3, 3.714432, 0.000102, 20.6158, 1.5km
3, 3.601059, 0.000158, 20.7050, 1.5km
3, 3.491097, 0.00024, 20.7942, 1.5km
3, 3.384444, 0.000356, 20.8835, 1.5km
3, 3.281002, 0.000517, 20.9727, 1.5km
3, 3.180677, 0.000734, 21.0620, 1.5km
3, 3.083375, 0.001022, 21.1512, 1.5km
3, 2.989006, 0.001398, 21.2405, 1.5km
3, 2.897483, 0.001879, 21.3297, 1.5km
3, 2.808722, 0.002485, 21.4189, 1.5km
3, 2.722639, 0.003235, 21.5082, 1.5km
3, 2.639155, 0.004152, 21.5974, 1.5km
3, 2.558192, 0.005256, 21.6867, 1.5km
3, 2.479675, 0.006569, 21.7759, 1.5km
3, 2.403531, 0.008111, 21.8652, 1.5km
3, 2.329688, 0.009902, 21.9544, 1.5km
3, 2.253318, 0.012102, 22.0436, 1.5km
3, 2.170313, 0.014963, 22.1329, 1.5km
3, 2.080905, 0.018678, 22.2221, 1.5km
3, 1.985904, 0.023461, 22.3114, 1.5km
3, 1.886433, 0.029537, 22.4006, 1.5km
3, 0.0, 1.0, 22.4898, 1.5km
3, 0.0, 1.0, 22.5791, 1.5km
3, 0.0, 1.0, 22.6683, 1.5km
3, 0.0, 1.0, 22.7576, 1.5km
3, 0.0, 1.0, 22.8468, 1.5km
3, 0.0, 1.0, 22.9361, 1.5km
3, 0.0, 1.0, 23.0253, 1.5km
3, 0.0, 1.0, 23.1145, 1.5km
3, 0.0, 1.0, 23.2038, 1.5km
3, 0.0, 1.0, 23.2930, 1.5km
3, 0.0, 1.0, 23.3823, 1.5km
3, 0.0, 1.0, 23.4715, 1.5km
3, 0.0, 1.0, 23.5608, 1.5km
3, 0.0, 1.0, 23.65, 1.5km
2, 33.552358, 0.0, 9.3240, 2km
2, 32.79084, 0.0, 9.38037, 2km
2, 32.042882, 0.0, 9.43675, 2km
2, 31.308471, 0.0, 9.49312, 2km
2, 30.587581, 0.0, 9.54949, 2km
2, 29.880166, 0.0, 9.60587, 2km
2, 29.186168, 0.0, 9.66224, 2km
2, 28.505516, 0.0, 9.71862, 2km
2, 27.838127, 0.0, 9.77499, 2km
2, 27.183904, 0.0, 9.83136, 2km
2, 26.542742, 0.0, 9.88774, 2km
2, 25.914525, 0.0, 9.94411, 2km
2, 25.299128, 0.0, 10.0005, 2km
2, 24.696419, 0.0, 10.0569, 2km
2, 24.106256, 0.0, 10.1132, 2km
2, 23.528493, 0.0, 10.1696, 2km
2, 22.962976, 0.0, 10.2260, 2km
2, 22.409547, 0.0, 10.2824, 2km
2, 21.868042, 0.0, 10.3387, 2km
2, 21.338293, 0.0, 10.3951, 2km
2, 20.820128, 0.0, 10.4515, 2km
2, 20.313373, 0.0, 10.5078, 2km
2, 19.817851, 0.0, 10.5642, 2km
2, 19.333382, 0.0, 10.6206, 2km
2, 18.859783, 0.0, 10.6770, 2km
2, 18.396874, 0.0, 10.7333, 2km
2, 17.944468, 0.0, 10.7897, 2km
2, 17.502383, 0.0, 10.8461, 2km
2, 17.070432, 0.0, 10.9025, 2km
2, 16.64843, 0.0, 10.9588, 2km
2, 16.236194, 0.0, 11.0152, 2km
2, 15.833538, 0.0, 11.0716, 2km
2, 15.440278, 0.0, 11.1280, 2km
2, 15.056232, 0.0, 11.1843, 2km
2, 14.681218, 0.0, 11.2407, 2km
2, 14.315056, 0.0, 11.2971, 2km
2, 13.957567, 0.0, 11.3535, 2km
2, 13.608573, 0.0, 11.4098, 2km
2, 13.267899, 0.0, 11.4662, 2km
2, 12.935371, 0.0, 11.5226, 2km
2, 12.610818, 0.0, 11.5789, 2km
2, 12.29407, 0.0, 11.6353, 2km
2, 11.984959, 0.0, 11.6917, 2km
2, 11.68332, 0.0, 11.7481, 2km
2, 11.388991, 0.0, 11.8044, 2km
2, 11.101811, 0.0, 11.8608, 2km
2, 10.821622, 0.0, 11.9172, 2km
2, 10.548268, 0.0, 11.9736, 2km
2, 10.281597, 0.0, 12.0299, 2km
2, 10.021457, 0.0, 12.0863, 2km
2, 9.767701, 0.0, 12.1427, 2km
2, 9.520184, 0.0, 12.1991, 2km
2, 9.278762, 0.0, 12.2554, 2km
2, 9.043295, 0.0, 12.3118, 2km
2, 8.813646, 0.0, 12.3682, 2km
2, 8.589679, 0.0, 12.4246, 2km
2, 8.371262, 0.0, 12.4809, 2km
2, 8.158265, 0.0, 12.5373, 2km
2, 7.950781, 0.0, 12.5937, 2km
2, 7.748585, 0.0, 12.6501, 2km
2, 7.551416, 0.0, 12.7064, 2km
2, 7.359156, 0.0, 12.7628, 2km
2, 7.171686, 0.0, 12.8192, 2km
2, 6.988894, 0.0, 12.8755, 2km
2, 6.810666, 0.0, 12.9319, 2km
2, 6.636894, 0.0, 12.9883, 2km
2, 6.467471, 0.0, 13.0447, 2km
2, 6.302291, 0.0, 13.1010, 2km
2, 6.141251, 0.0, 13.1574, 2km
2, 5.984253, 0.0, 13.2138, 2km
2, 5.831197, 0.0, 13.2702, 2km
2, 5.681987, 0.0, 13.3265, 2km
2, 5.53653, 0.0, 13.3829, 2km
2, 5.394735, 0.0, 13.4393, 2km
2, 5.256511, 0.0, 13.4957, 2km
2, 5.121771, 0.0, 13.5520, 2km
2, 4.990429, 0.0, 13.6084, 2km
2, 4.862402, 1e-06, 13.6648, 2km
2, 4.737609, 1e-06, 13.7212, 2km
2, 4.615968, 2e-06, 13.7775, 2km
2, 4.497404, 3e-06, 13.8339, 2km
2, 4.381838, 6e-06, 13.8903, 2km
2, 4.269198, 1e-05, 13.9466, 2km
2, 4.15941, 1.6e-05, 14.0030, 2km
2, 4.052404, 2.5e-05, 14.0594, 2km
2, 3.948111, 3.9e-05, 14.1158, 2km
2, 3.846462, 6e-05, 14.1721, 2km
2, 3.747392, 8.9e-05, 14.2285, 2km
2, 3.650837, 0.000131, 14.2849, 2km
2, 3.556734, 0.000188, 14.3413, 2km
2, 3.465021, 0.000265, 14.3976, 2km
2, 3.375639, 0.000368, 14.4540, 2km
2, 3.288529, 0.000503, 14.5104, 2km
2, 3.203635, 0.000678, 14.5668, 2km
2, 3.1209, 0.000901, 14.6231, 2km
2, 3.040271, 0.001181, 14.6795, 2km
2, 2.961695, 0.001528, 14.7359, 2km
2, 2.885119, 0.001955, 14.7923, 2km
2, 2.810494, 0.002471, 14.8486, 2km
2, 2.73777, 0.00309, 14.9050, 2km
0, 697.40276, 0.0, 1.2570, 2km
0, 693.181536, 0.0, 1.27736, 2km
0, 688.979891, 0.0, 1.29773, 2km
0, 684.797781, 0.0, 1.31809, 2km
0, 680.63516, 0.0, 1.33845, 2km
0, 676.491982, 0.0, 1.35882, 2km
0, 672.3682, 0.0, 1.37918, 2km
0, 668.263767, 0.0, 1.39955, 2km
0, 664.178638, 0.0, 1.41991, 2km
0, 660.112763, 0.0, 1.44027, 2km
0, 656.066096, 0.0, 1.46064, 2km
0, 652.038588, 0.0, 1.4810, 2km
0, 648.030192, 0.0, 1.50136, 2km
0, 644.040858, 0.0, 1.52173, 2km
0, 640.070537, 0.0, 1.54209, 2km
0, 636.119181, 0.0, 1.56245, 2km
0, 632.186739, 0.0, 1.58282, 2km
0, 628.273162, 0.0, 1.60318, 2km
0, 624.3784, 0.0, 1.62355, 2km
0, 620.502402, 0.0, 1.64391, 2km
0, 616.645118, 0.0, 1.66427, 2km
0, 612.806498, 0.0, 1.68464, 2km
0, 608.98649, 0.0, 1.7050, 2km
0, 605.185042, 0.0, 1.72536, 2km
0, 601.402104, 0.0, 1.74573, 2km
0, 597.637624, 0.0, 1.76609, 2km
0, 593.89155, 0.0, 1.78645, 2km
0, 590.163829, 0.0, 1.80682, 2km
0, 586.45441, 0.0, 1.82718, 2km
0, 582.76324, 0.0, 1.84755, 2km
0, 579.090267, 0.0, 1.86791, 2km
0, 575.435437, 0.0, 1.88827, 2km
0, 571.798697, 0.0, 1.90864, 2km
0, 568.179995, 0.0, 1.9290, 2km
0, 564.579277, 0.0, 1.94936, 2km
0, 560.99649, 0.0, 1.96973, 2km
0, 557.431579, 0.0, 1.99009, 2km
0, 553.884492, 0.0, 2.01045, 2km
0, 550.355175, 0.0, 2.03082, 2km
0, 546.843572, 0.0, 2.05118, 2km
0, 543.349631, 0.0, 2.07155, 2km
0, 539.873297, 0.0, 2.09191, 2km
0, 536.414516, 0.0, 2.11227, 2km
0, 532.973233, 0.0, 2.13264, 2km
0, 529.549393, 0.0, 2.1530, 2km
0, 526.142942, 0.0, 2.17336, 2km
0, 522.753826, 0.0, 2.19373, 2km
0, 519.381988, 0.0, 2.21409, 2km
0, 516.027375, 0.0, 2.23445, 2km
0, 512.689932, 0.0, 2.25482, 2km
0, 509.369602, 0.0, 2.27518, 2km
0, 506.066332, 0.0, 2.29555, 2km
0, 502.780065, 0.0, 2.31591, 2km
0, 499.510746, 0.0, 2.33627, 2km
0, 496.258321, 0.0, 2.35664, 2km
0, 493.022733, 0.0, 2.3770, 2km
0, 489.803928, 0.0, 2.39736, 2km
0, 486.601849, 0.0, 2.41773, 2km
0, 483.416441, 0.0, 2.43809, 2km
0, 480.247648, 0.0, 2.45845, 2km
0, 477.095416, 0.0, 2.47882, 2km
0, 473.959687, 0.0, 2.49918, 2km
0, 470.840407, 0.0, 2.51955, 2km
0, 467.737519, 0.0, 2.53991, 2km
0, 464.650969, 0.0, 2.56027, 2km
0, 461.580699, 0.0, 2.58064, 2km
0, 458.526655, 0.0, 2.6010, 2km
0, 455.488779, 0.0, 2.62136, 2km
0, 452.467018, 0.0, 2.64173, 2km
0, 449.461314, 0.0, 2.66209, 2km
0, 446.471613, 0.0, 2.68245, 2km
0, 443.497857, 0.0, 2.70282, 2km
0, 440.539991, 0.0, 2.72318, 2km
0, 437.59796, 0.0, 2.74355, 2km
0, 434.671707, 0.0, 2.76391, 2km
0, 431.761177, 0.0, 2.78427, 2km
0, 428.866314, 0.0, 2.80464, 2km
0, 425.987062, 0.0, 2.8250, 2km
0, 423.123364, 0.0, 2.84536, 2km
0, 420.275167, 0.0, 2.86573, 2km
0, 417.442413, 0.0, 2.88609, 2km
0, 414.625046, 0.0, 2.90645, 2km
0, 411.823012, 0.0, 2.92682, 2km
0, 409.036255, 0.0, 2.94718, 2km
0, 406.264718, 0.0, 2.96755, 2km
0, 403.508347, 0.0, 2.98791, 2km
0, 400.767085, 0.0, 3.00827, 2km
0, 398.040877, 0.0, 3.02864, 2km
0, 395.329667, 0.0, 3.0490, 2km
0, 392.6334, 0.0, 3.06936, 2km
0, 389.952021, 0.0, 3.08973, 2km
0, 387.285474, 0.0, 3.11009, 2km
0, 384.633704, 0.0, 3.13045, 2km
0, 381.996655, 0.0, 3.15082, 2km
0, 379.374272, 0.0, 3.17118, 2km
0, 376.766501, 0.0, 3.19155, 2km
0, 374.173284, 0.0, 3.21191, 2km
0, 371.594569, 0.0, 3.23227, 2km
0, 369.030299, 0.0, 3.25264, 2km
0, 366.480419, 0.0, 3.2730, 2km
1, 361.266505, 0.0, 3.3150, 2km
1, 353.734126, 0.0, 3.37656, 2km
1, 346.330191, 0.0, 3.43811, 2km
1, 339.053194, 0.0, 3.49967, 2km
1, 331.901632, 0.0, 3.56122, 2km
1, 324.874011, 0.0, 3.62278, 2km
1, 317.968842, 0.0, 3.68433, 2km
1, 311.184642, 0.0, 3.74589, 2km
1, 304.519934, 0.0, 3.80744, 2km
1, 297.973248, 0.0, 3.8690, 2km
1, 291.543122, 0.0, 3.93056, 2km
1, 285.228097, 0.0, 3.99211, 2km
1, 279.026726, 0.0, 4.05367, 2km
1, 272.937566, 0.0, 4.11522, 2km
1, 266.959182, 0.0, 4.17678, 2km
1, 261.090146, 0.0, 4.23833, 2km
1, 255.329038, 0.0, 4.29989, 2km
1, 249.674446, 0.0, 4.36144, 2km
1, 244.124963, 0.0, 4.4230, 2km
1, 238.679193, 0.0, 4.48456, 2km
1, 233.335746, 0.0, 4.54611, 2km
1, 228.093239, 0.0, 4.60767, 2km
1, 222.950299, 0.0, 4.66922, 2km
1, 217.905559, 0.0, 4.73078, 2km
1, 212.957661, 0.0, 4.79233, 2km
1, 208.105253, 0.0, 4.85389, 2km
1, 203.346994, 0.0, 4.91544, 2km
1, 198.68155, 0.0, 4.9770, 2km
1, 194.107593, 0.0, 5.03856, 2km
1, 189.623806, 0.0, 5.10011, 2km
1, 185.228879, 0.0, 5.16167, 2km
1, 180.921511, 0.0, 5.22322, 2km
1, 176.700407, 0.0, 5.28478, 2km
1, 172.564284, 0.0, 5.34633, 2km
1, 168.511865, 0.0, 5.40789, 2km
1, 164.541881, 0.0, 5.46944, 2km
1, 160.653075, 0.0, 5.5310, 2km
1, 156.844195, 0.0, 5.59256, 2km
1, 153.113999, 0.0, 5.65411, 2km
1, 149.461255, 0.0, 5.71567, 2km
1, 145.884739, 0.0, 5.77722, 2km
1, 142.383235, 0.0, 5.83878, 2km
1, 138.955538, 0.0, 5.90033, 2km
1, 135.600451, 0.0, 5.96189, 2km
1, 132.316786, 0.0, 6.02344, 2km
1, 129.103366, 0.0, 6.0850, 2km
1, 125.959023, 0.0, 6.14656, 2km
1, 122.882597, 0.0, 6.20811, 2km
1, 119.872939, 0.0, 6.26967, 2km
1, 116.92891, 0.0, 6.33122, 2km
1, 114.04938, 0.0, 6.39278, 2km
1, 111.233231, 0.0, 6.45433, 2km
1, 108.479353, 0.0, 6.51589, 2km
1, 105.786647, 0.0, 6.57744, 2km
1, 103.154025, 0.0, 6.6390, 2km
1, 100.580409, 0.0, 6.70056, 2km
1, 98.064731, 0.0, 6.76211, 2km
1, 95.605936, 0.0, 6.82367, 2km
1, 93.202976, 0.0, 6.88522, 2km
1, 90.854818, 0.0, 6.94678, 2km
1, 88.560438, 0.0, 7.00833, 2km
1, 86.318823, 0.0, 7.06989, 2km
1, 84.128972, 0.0, 7.13144, 2km
1, 81.989894, 0.0, 7.1930, 2km
1, 79.900612, 0.0, 7.25456, 2km
1, 77.860158, 0.0, 7.31611, 2km
1, 75.867577, 0.0, 7.37767, 2km
1, 73.921926, 0.0, 7.43922, 2km
1, 72.022272, 0.0, 7.50078, 2km
1, 70.167696, 0.0, 7.56233, 2km
1, 68.35729, 0.0, 7.62389, 2km
1, 66.590157, 0.0, 7.68544, 2km
1, 64.865413, 0.0, 7.7470, 2km
1, 63.182187, 0.0, 7.80856, 2km
1, 61.539619, 0.0, 7.87011, 2km
1, 59.948394, 0.0, 7.93167, 2km
1, 58.402244, 0.0, 7.99322, 2km
1, 56.892321, 0.0, 8.05478, 2km
1, 55.417978, 0.0, 8.11633, 2km
1, 53.978566, 0.0, 8.17789, 2km
1, 52.573439, 0.0, 8.23944, 2km
1, 51.20195, 0.0, 8.3010, 2km
1, 49.863456, 0.0, 8.36256, 2km
1, 48.557316, 0.0, 8.42411, 2km
1, 47.282892, 0.0, 8.48567, 2km
1, 46.039553, 0.0, 8.54722, 2km
1, 44.826668, 0.0, 8.60878, 2km
1, 43.643616, 0.0, 8.67033, 2km
1, 42.489778, 0.0, 8.73189, 2km
1, 41.434626, 0.0, 8.79344, 2km
1, 40.455627, 0.0, 8.8550, 2km
1, 39.492998, 0.0, 8.91656, 2km
1, 38.546895, 0.0, 8.97811, 2km
1, 37.61744, 0.0, 9.03967, 2km
1, 36.704728, 0.0, 9.10122, 2km
1, 35.80882, 0.0, 9.16278, 2km
1, 34.931849, 0.0, 9.22433, 2km
1, 34.074859, 0.0, 9.28589, 2km
1, 33.234014, 0.0, 9.34744, 2km
1, 32.409337, 0.0, 9.4090, 2km
3, 2.854775, 0.002151, 14.8150, 2km
3, 2.738735, 0.003081, 14.9042, 2km
3, 2.627343, 0.004299, 14.9935, 2km
3, 2.520413, 0.005855, 15.0827, 2km
3, 2.417769, 0.0078, 15.1720, 2km
3, 2.31924, 0.010181, 15.2612, 2km
3, 2.206181, 0.01366, 15.3505, 2km
3, 2.093335, 0.018118, 15.4397, 2km
3, 1.9769, 0.023964, 15.5289, 2km
3, 0.0, 1.0, 15.6182, 2km
3, 0.0, 1.0, 15.7074, 2km
3, 0.0, 1.0, 15.7967, 2km
3, 0.0, 1.0, 15.8859, 2km
3, 0.0, 1.0, 15.9752, 2km
3, 0.0, 1.0, 16.0644, 2km
3, 0.0, 1.0, 16.1536, 2km
3, 0.0, 1.0, 16.2429, 2km
3, 0.0, 1.0, 16.3321, 2km
3, 0.0, 1.0, 16.4214, 2km
3, 0.0, 1.0, 16.5106, 2km
3, 0.0, 1.0, 16.5998, 2km
3, 0.0, 1.0, 16.6891, 2km
3, 0.0, 1.0, 16.7783, 2km
3, 0.0, 1.0, 16.8676, 2km
3, 0.0, 1.0, 16.9568, 2km
3, 0.0, 1.0, 17.0461, 2km
3, 0.0, 1.0, 17.1353, 2km
3, 0.0, 1.0, 17.2245, 2km
3, 0.0, 1.0, 17.3138, 2km
3, 0.0, 1.0, 17.4030, 2km
3, 0.0, 1.0, 17.4923, 2km
3, 0.0, 1.0, 17.5815, 2km
3, 0.0, 1.0, 17.6708, 2km
3, 0.0, 1.0, 17.76, 2km
3, 0.0, 1.0, 17.8492, 2km
3, 0.0, 1.0, 17.9385, 2km
3, 0.0, 1.0, 18.0277, 2km
3, 0.0, 1.0, 18.1170, 2km
3, 0.0, 1.0, 18.2062, 2km
3, 0.0, 1.0, 18.2955, 2km
3, 0.0, 1.0, 18.3847, 2km
3, 0.0, 1.0, 18.4739, 2km
3, 0.0, 1.0, 18.5632, 2km
3, 0.0, 1.0, 18.6524, 2km
3, 0.0, 1.0, 18.7417, 2km
3, 0.0, 1.0, 18.8309, 2km
3, 0.0, 1.0, 18.9202, 2km
3, 0.0, 1.0, 19.0094, 2km
3, 0.0, 1.0, 19.0986, 2km
3, 0.0, 1.0, 19.1879, 2km
3, 0.0, 1.0, 19.2771, 2km
3, 0.0, 1.0, 19.3664, 2km
3, 0.0, 1.0, 19.4556, 2km
3, 0.0, 1.0, 19.5448, 2km
3, 0.0, 1.0, 19.6341, 2km
3, 0.0, 1.0, 19.7233, 2km
3, 0.0, 1.0, 19.8126, 2km
3, 0.0, 1.0, 19.9018, 2km
3, 0.0, 1.0, 19.9911, 2km
3, 0.0, 1.0, 20.0803, 2km
3, 0.0, 1.0, 20.1695, 2km
3, 0.0, 1.0, 20.2588, 2km
3, 0.0, 1.0, 20.3480, 2km
3, 0.0, 1.0, 20.4373, 2km
3, 0.0, 1.0, 20.5265, 2km
3, 0.0, 1.0, 20.6158, 2km
3, 0.0, 1.0, 20.7050, 2km
3, 0.0, 1.0, 20.7942, 2km
3, 0.0, 1.0, 20.8835, 2km
3, 0.0, 1.0, 20.9727, 2km
3, 0.0, 1.0, 21.0620, 2km
3, 0.0, 1.0, 21.1512, 2km
3, 0.0, 1.0, 21.2405, 2km
3, 0.0, 1.0, 21.3297, 2km
3, 0.0, 1.0, 21.4189, 2km
3, 0.0, 1.0, 21.5082, 2km
3, 0.0, 1.0, 21.5974, 2km
3, 0.0, 1.0, 21.6867, 2km
3, 0.0, 1.0, 21.7759, 2km
3, 0.0, 1.0, 21.8652, 2km
3, 0.0, 1.0, 21.9544, 2km
3, 0.0, 1.0, 22.0436, 2km
3, 0.0, 1.0, 22.1329, 2km
3, 0.0, 1.0, 22.2221, 2km
3, 0.0, 1.0, 22.3114, 2km
3, 0.0, 1.0, 22.4006, 2km
3, 0.0, 1.0, 22.4898, 2km
3, 0.0, 1.0, 22.5791, 2km
3, 0.0, 1.0, 22.6683, 2km
3, 0.0, 1.0, 22.7576, 2km
3, 0.0, 1.0, 22.8468, 2km
3, 0.0, 1.0, 22.9361, 2km
3, 0.0, 1.0, 23.0253, 2km
3, 0.0, 1.0, 23.1145, 2km
3, 0.0, 1.0, 23.2038, 2km
3, 0.0, 1.0, 23.2930, 2km
3, 0.0, 1.0, 23.3823, 2km
3, 0.0, 1.0, 23.4715, 2km
3, 0.0, 1.0, 23.5608, 2km
3, 0.0, 1.0, 23.65, 2km
2, 7.917484, 0.0, 9.3240, 2.5km
2, 7.666561, 0.0, 9.38037, 2.5km
2, 7.423415, 0.0, 9.43675, 2.5km
2, 7.187817, 0.0, 9.49312, 2.5km
2, 6.959542, 0.0, 9.54949, 2.5km
2, 6.738372, 0.0, 9.60587, 2.5km
2, 6.524095, 0.0, 9.66224, 2.5km
2, 6.316503, 0.0, 9.71862, 2.5km
2, 6.115395, 0.0, 9.77499, 2.5km
2, 5.920575, 0.0, 9.83136, 2.5km
2, 5.731853, 0.0, 9.88774, 2.5km
2, 5.549045, 0.0, 9.94411, 2.5km
2, 5.371969, 0.0, 10.0005, 2.5km
2, 5.200452, 0.0, 10.0569, 2.5km
2, 5.034322, 0.0, 10.1132, 2.5km
2, 4.873417, 1e-06, 10.1696, 2.5km
2, 4.717574, 1e-06, 10.2260, 2.5km
2, 4.566638, 2e-06, 10.2824, 2.5km
2, 4.420459, 5e-06, 10.3387, 2.5km
2, 4.278888, 9e-06, 10.3951, 2.5km
2, 4.141785, 1.7e-05, 10.4515, 2.5km
2, 4.009011, 3e-05, 10.5078, 2.5km
2, 3.880431, 5.2e-05, 10.5642, 2.5km
2, 3.755915, 8.6e-05, 10.6206, 2.5km
2, 3.635337, 0.000139, 10.6770, 2.5km
2, 3.518574, 0.000217, 10.7333, 2.5km
2, 3.405508, 0.00033, 10.7897, 2.5km
2, 3.296023, 0.00049, 10.8461, 2.5km
2, 3.190007, 0.000711, 10.9025, 2.5km
2, 3.087352, 0.001009, 10.9588, 2.5km
2, 2.987952, 0.001403, 11.0152, 2.5km
2, 2.891706, 0.001914, 11.0716, 2.5km
2, 2.798515, 0.002565, 11.1280, 2.5km
2, 2.708282, 0.003378, 11.1843, 2.5km
2, 2.620916, 0.004381, 11.2407, 2.5km
2, 2.536325, 0.005596, 11.2971, 2.5km
2, 2.454422, 0.007049, 11.3535, 2.5km
2, 2.375123, 0.008763, 11.4098, 2.5km
2, 2.293572, 0.010892, 11.4662, 2.5km
2, 2.205531, 0.013682, 11.5226, 2.5km
2, 2.111262, 0.017335, 11.5789, 2.5km
2, 2.042479, 0.020504, 11.6353, 2.5km
2, 1.94587, 0.025767, 11.6917, 2.5km
2, 0.0, 1.0, 11.7481, 2.5km
2, 0.0, 1.0, 11.8044, 2.5km
2, 0.0, 1.0, 11.8608, 2.5km
2, 0.0, 1.0, 11.9172, 2.5km
2, 0.0, 1.0, 11.9736, 2.5km
2, 0.0, 1.0, 12.0299, 2.5km
2, 0.0, 1.0, 12.0863, 2.5km
2, 0.0, 1.0, 12.1427, 2.5km
2, 0.0, 1.0, 12.1991, 2.5km
2, 0.0, 1.0, 12.2554, 2.5km
2, 0.0, 1.0, 12.3118, 2.5km
2, 0.0, 1.0, 12.3682, 2.5km
2, 0.0, 1.0, 12.4246, 2.5km
2, 0.0, 1.0, 12.4809, 2.5km
2, 0.0, 1.0, 12.5373, 2.5km
2, 0.0, 1.0, 12.5937, 2.5km
2, 0.0, 1.0, 12.6501, 2.5km
2, 0.0, 1.0, 12.7064, 2.5km
2, 0.0, 1.0, 12.7628, 2.5km
2, 0.0, 1.0, 12.8192, 2.5km
2, 0.0, 1.0, 12.8755, 2.5km
2, 0.0, 1.0, 12.9319, 2.5km
2, 0.0, 1.0, 12.9883, 2.5km
2, 0.0, 1.0, 13.0447, 2.5km
2, 0.0, 1.0, 13.1010, 2.5km
2, 0.0, 1.0, 13.1574, 2.5km
2, 0.0, 1.0, 13.2138, 2.5km
2, 0.0, 1.0, 13.2702, 2.5km
2, 0.0, 1.0, 13.3265, 2.5km
2, 0.0, 1.0, 13.3829, 2.5km
2, 0.0, 1.0, 13.4393, 2.5km
2, 0.0, 1.0, 13.4957, 2.5km
2, 0.0, 1.0, 13.5520, 2.5km
2, 0.0, 1.0, 13.6084, 2.5km
2, 0.0, 1.0, 13.6648, 2.5km
2, 0.0, 1.0, 13.7212, 2.5km
2, 0.0, 1.0, 13.7775, 2.5km
2, 0.0, 1.0, 13.8339, 2.5km
2, 0.0, 1.0, 13.8903, 2.5km
2, 0.0, 1.0, 13.9466, 2.5km
2, 0.0, 1.0, 14.0030, 2.5km
2, 0.0, 1.0, 14.0594, 2.5km
2, 0.0, 1.0, 14.1158, 2.5km
2, 0.0, 1.0, 14.1721, 2.5km
2, 0.0, 1.0, 14.2285, 2.5km
2, 0.0, 1.0, 14.2849, 2.5km
2, 0.0, 1.0, 14.3413, 2.5km
2, 0.0, 1.0, 14.3976, 2.5km
2, 0.0, 1.0, 14.4540, 2.5km
2, 0.0, 1.0, 14.5104, 2.5km
2, 0.0, 1.0, 14.5668, 2.5km
2, 0.0, 1.0, 14.6231, 2.5km
2, 0.0, 1.0, 14.6795, 2.5km
2, 0.0, 1.0, 14.7359, 2.5km
2, 0.0, 1.0, 14.7923, 2.5km
2, 0.0, 1.0, 14.8486, 2.5km
2, 0.0, 1.0, 14.9050, 2.5km
0, 470.90645, 0.0, 1.2570, 2.5km
0, 467.029961, 0.0, 1.27736, 2.5km
0, 463.178979, 0.0, 1.29773, 2.5km
0, 459.353394, 0.0, 1.31809, 2.5km
0, 455.553097, 0.0, 1.33845, 2.5km
0, 451.77798, 0.0, 1.35882, 2.5km
0, 448.027933, 0.0, 1.37918, 2.5km
0, 444.302847, 0.0, 1.39955, 2.5km
0, 440.602613, 0.0, 1.41991, 2.5km
0, 436.927123, 0.0, 1.44027, 2.5km
0, 433.276266, 0.0, 1.46064, 2.5km
0, 429.649934, 0.0, 1.4810, 2.5km
0, 426.048018, 0.0, 1.50136, 2.5km
0, 422.470409, 0.0, 1.52173, 2.5km
0, 418.916997, 0.0, 1.54209, 2.5km
0, 415.387675, 0.0, 1.56245, 2.5km
0, 411.882333, 0.0, 1.58282, 2.5km
0, 408.400862, 0.0, 1.60318, 2.5km
0, 404.943153, 0.0, 1.62355, 2.5km
0, 401.509099, 0.0, 1.64391, 2.5km
0, 398.09859, 0.0, 1.66427, 2.5km
0, 394.711518, 0.0, 1.68464, 2.5km
0, 391.347775, 0.0, 1.7050, 2.5km
0, 388.007251, 0.0, 1.72536, 2.5km
0, 384.68984, 0.0, 1.74573, 2.5km
0, 381.395433, 0.0, 1.76609, 2.5km
0, 378.123922, 0.0, 1.78645, 2.5km
0, 374.875199, 0.0, 1.80682, 2.5km
0, 371.649157, 0.0, 1.82718, 2.5km
0, 368.445688, 0.0, 1.84755, 2.5km
0, 365.264684, 0.0, 1.86791, 2.5km
0, 362.106038, 0.0, 1.88827, 2.5km
0, 358.969643, 0.0, 1.90864, 2.5km
0, 355.855392, 0.0, 1.9290, 2.5km
0, 352.763178, 0.0, 1.94936, 2.5km
0, 349.692894, 0.0, 1.96973, 2.5km
0, 346.644433, 0.0, 1.99009, 2.5km
0, 343.61769, 0.0, 2.01045, 2.5km
0, 340.612558, 0.0, 2.03082, 2.5km
0, 337.628931, 0.0, 2.05118, 2.5km
0, 334.666702, 0.0, 2.07155, 2.5km
0, 331.725767, 0.0, 2.09191, 2.5km
0, 328.806019, 0.0, 2.11227, 2.5km
0, 325.907354, 0.0, 2.13264, 2.5km
0, 323.029665, 0.0, 2.1530, 2.5km
0, 320.172847, 0.0, 2.17336, 2.5km
0, 317.336797, 0.0, 2.19373, 2.5km
0, 314.521409, 0.0, 2.21409, 2.5km
0, 311.726579, 0.0, 2.23445, 2.5km
0, 308.952202, 0.0, 2.25482, 2.5km
0, 306.198174, 0.0, 2.27518, 2.5km
0, 303.464392, 0.0, 2.29555, 2.5km
0, 300.750751, 0.0, 2.31591, 2.5km
0, 298.057148, 0.0, 2.33627, 2.5km
0, 295.38348, 0.0, 2.35664, 2.5km
0, 292.729644, 0.0, 2.3770, 2.5km
0, 290.095536, 0.0, 2.39736, 2.5km
0, 287.481055, 0.0, 2.41773, 2.5km
0, 284.886096, 0.0, 2.43809, 2.5km
0, 282.310559, 0.0, 2.45845, 2.5km
0, 279.754341, 0.0, 2.47882, 2.5km
0, 277.21734, 0.0, 2.49918, 2.5km
0, 274.699454, 0.0, 2.51955, 2.5km
0, 272.200582, 0.0, 2.53991, 2.5km
0, 269.720623, 0.0, 2.56027, 2.5km
0, 267.259475, 0.0, 2.58064, 2.5km
0, 264.817039, 0.0, 2.6010, 2.5km
0, 262.393212, 0.0, 2.62136, 2.5km
0, 259.987895, 0.0, 2.64173, 2.5km
0, 257.600988, 0.0, 2.66209, 2.5km
0, 255.232391, 0.0, 2.68245, 2.5km
0, 252.882003, 0.0, 2.70282, 2.5km
0, 250.549726, 0.0, 2.72318, 2.5km
0, 248.235461, 0.0, 2.74355, 2.5km
0, 245.939107, 0.0, 2.76391, 2.5km
0, 243.660566, 0.0, 2.78427, 2.5km
0, 241.39974, 0.0, 2.80464, 2.5km
0, 239.156531, 0.0, 2.8250, 2.5km
0, 236.930839, 0.0, 2.84536, 2.5km
0, 234.722568, 0.0, 2.86573, 2.5km
0, 232.531618, 0.0, 2.88609, 2.5km
0, 230.357894, 0.0, 2.90645, 2.5km
0, 228.201298, 0.0, 2.92682, 2.5km
0, 226.061732, 0.0, 2.94718, 2.5km
0, 223.9391, 0.0, 2.96755, 2.5km
0, 221.833305, 0.0, 2.98791, 2.5km
0, 219.744251, 0.0, 3.00827, 2.5km
0, 217.671842, 0.0, 3.02864, 2.5km
0, 215.615982, 0.0, 3.0490, 2.5km
0, 213.576576, 0.0, 3.06936, 2.5km
0, 211.553527, 0.0, 3.08973, 2.5km
0, 209.546741, 0.0, 3.11009, 2.5km
0, 207.556123, 0.0, 3.13045, 2.5km
0, 205.581578, 0.0, 3.15082, 2.5km
0, 203.623012, 0.0, 3.17118, 2.5km
0, 201.68033, 0.0, 3.19155, 2.5km
0, 199.753439, 0.0, 3.21191, 2.5km
0, 197.842244, 0.0, 3.23227, 2.5km
0, 195.946653, 0.0, 3.25264, 2.5km
0, 194.066571, 0.0, 3.2730, 2.5km
1, 190.237489, 0.0, 3.3150, 2.5km
1, 184.742353, 0.0, 3.37656, 2.5km
1, 179.383801, 0.0, 3.43811, 2.5km
1, 174.15931, 0.0, 3.49967, 2.5km
1, 169.066379, 0.0, 3.56122, 2.5km
1, 164.102528, 0.0, 3.62278, 2.5km
1, 159.265298, 0.0, 3.68433, 2.5km
1, 154.552249, 0.0, 3.74589, 2.5km
1, 149.960964, 0.0, 3.80744, 2.5km
1, 145.489049, 0.0, 3.8690, 2.5km
1, 141.13413, 0.0, 3.93056, 2.5km
1, 136.893856, 0.0, 3.99211, 2.5km
1, 132.7659, 0.0, 4.05367, 2.5km
1, 128.747954, 0.0, 4.11522, 2.5km
1, 124.837737, 0.0, 4.17678, 2.5km
1, 121.03299, 0.0, 4.23833, 2.5km
1, 117.331478, 0.0, 4.29989, 2.5km
1, 113.73099, 0.0, 4.36144, 2.5km
1, 110.22934, 0.0, 4.4230, 2.5km
1, 106.824366, 0.0, 4.48456, 2.5km
1, 103.513931, 0.0, 4.54611, 2.5km
1, 100.295926, 0.0, 4.60767, 2.5km
1, 97.168264, 0.0, 4.66922, 2.5km
1, 94.128888, 0.0, 4.73078, 2.5km
1, 91.175766, 0.0, 4.79233, 2.5km
1, 88.306891, 0.0, 4.85389, 2.5km
1, 85.520287, 0.0, 4.91544, 2.5km
1, 82.814003, 0.0, 4.9770, 2.5km
1, 80.186116, 0.0, 5.03856, 2.5km
1, 77.634732, 0.0, 5.10011, 2.5km
1, 75.157984, 0.0, 5.16167, 2.5km
1, 72.754036, 0.0, 5.22322, 2.5km
1, 70.421077, 0.0, 5.28478, 2.5km
1, 68.157329, 0.0, 5.34633, 2.5km
1, 65.961042, 0.0, 5.40789, 2.5km
1, 63.830493, 0.0, 5.46944, 2.5km
1, 61.763992, 0.0, 5.5310, 2.5km
1, 59.773486, 0.0, 5.59256, 2.5km
1, 57.851582, 0.0, 5.65411, 2.5km
1, 55.985917, 0.0, 5.71567, 2.5km
1, 54.175226, 0.0, 5.77722, 2.5km
1, 52.418244, 0.0, 5.83878, 2.5km
1, 50.713709, 0.0, 5.90033, 2.5km
1, 49.060366, 0.0, 5.96189, 2.5km
1, 47.456967, 0.0, 6.02344, 2.5km
1, 45.902271, 0.0, 6.0850, 2.5km
1, 44.395054, 0.0, 6.14656, 2.5km
1, 42.934099, 0.0, 6.20811, 2.5km
1, 41.571055, 0.0, 6.26967, 2.5km
1, 40.347047, 0.0, 6.33122, 2.5km
1, 39.148643, 0.0, 6.39278, 2.5km
1, 37.976134, 0.0, 6.45433, 2.5km
1, 36.829731, 0.0, 6.51589, 2.5km
1, 35.709574, 0.0, 6.57744, 2.5km
1, 34.619802, 0.0, 6.6390, 2.5km
1, 33.558388, 0.0, 6.70056, 2.5km
1, 32.522224, 0.0, 6.76211, 2.5km
1, 31.511315, 0.0, 6.82367, 2.5km
1, 30.525609, 0.0, 6.88522, 2.5km
1, 29.564996, 0.0, 6.94678, 2.5km
1, 28.62932, 0.0, 7.00833, 2.5km
1, 27.71838, 0.0, 7.06989, 2.5km
1, 26.831933, 0.0, 7.13144, 2.5km
1, 25.969701, 0.0, 7.1930, 2.5km
1, 25.131372, 0.0, 7.25456, 2.5km
1, 24.316607, 0.0, 7.31611, 2.5km
1, 23.525041, 0.0, 7.37767, 2.5km
1, 22.756287, 0.0, 7.43922, 2.5km
1, 22.009938, 0.0, 7.50078, 2.5km
1, 21.285573, 0.0, 7.56233, 2.5km
1, 20.582757, 0.0, 7.62389, 2.5km
1, 19.901043, 0.0, 7.68544, 2.5km
1, 19.239976, 0.0, 7.7470, 2.5km
1, 18.599096, 0.0, 7.80856, 2.5km
1, 17.977935, 0.0, 7.87011, 2.5km
1, 17.376026, 0.0, 7.93167, 2.5km
1, 16.792897, 0.0, 7.99322, 2.5km
1, 16.228078, 0.0, 8.05478, 2.5km
1, 15.681099, 0.0, 8.11633, 2.5km
1, 15.151495, 0.0, 8.17789, 2.5km
1, 14.638802, 0.0, 8.23944, 2.5km
1, 14.142561, 0.0, 8.3010, 2.5km
1, 13.662319, 0.0, 8.36256, 2.5km
1, 13.197626, 0.0, 8.42411, 2.5km
1, 12.748043, 0.0, 8.48567, 2.5km
1, 12.313134, 0.0, 8.54722, 2.5km
1, 11.892473, 0.0, 8.60878, 2.5km
1, 11.48564, 0.0, 8.67033, 2.5km
1, 11.092224, 0.0, 8.73189, 2.5km
1, 10.711822, 0.0, 8.79344, 2.5km
1, 10.34404, 0.0, 8.8550, 2.5km
1, 9.988493, 0.0, 8.91656, 2.5km
1, 9.644804, 0.0, 8.97811, 2.5km
1, 9.312605, 0.0, 9.03967, 2.5km
1, 8.991537, 0.0, 9.10122, 2.5km
1, 8.68125, 0.0, 9.16278, 2.5km
1, 8.381405, 0.0, 9.22433, 2.5km
1, 8.091668, 0.0, 9.28589, 2.5km
1, 7.812172, 0.0, 9.34744, 2.5km
1, 7.542135, 0.0, 9.4090, 2.5km
3, 0.0, 1.0, 14.8150, 2.5km
3, 0.0, 1.0, 14.9042, 2.5km
3, 0.0, 1.0, 14.9935, 2.5km
3, 0.0, 1.0, 15.0827, 2.5km
3, 0.0, 1.0, 15.1720, 2.5km
3, 0.0, 1.0, 15.2612, 2.5km
3, 0.0, 1.0, 15.3505, 2.5km
3, 0.0, 1.0, 15.4397, 2.5km
3, 0.0, 1.0, 15.5289, 2.5km
3, 0.0, 1.0, 15.6182, 2.5km
3, 0.0, 1.0, 15.7074, 2.5km
3, 0.0, 1.0, 15.7967, 2.5km
3, 0.0, 1.0, 15.8859, 2.5km
3, 0.0, 1.0, 15.9752, 2.5km
3, 0.0, 1.0, 16.0644, 2.5km
3, 0.0, 1.0, 16.1536, 2.5km
3, 0.0, 1.0, 16.2429, 2.5km
3, 0.0, 1.0, 16.3321, 2.5km
3, 0.0, 1.0, 16.4214, 2.5km
3, 0.0, 1.0, 16.5106, 2.5km
3, 0.0, 1.0, 16.5998, 2.5km
3, 0.0, 1.0, 16.6891, 2.5km
3, 0.0, 1.0, 16.7783, 2.5km
3, 0.0, 1.0, 16.8676, 2.5km
3, 0.0, 1.0, 16.9568, 2.5km
3, 0.0, 1.0, 17.0461, 2.5km
3, 0.0, 1.0, 17.1353, 2.5km
3, 0.0, 1.0, 17.2245, 2.5km
3, 0.0, 1.0, 17.3138, 2.5km
3, 0.0, 1.0, 17.4030, 2.5km
3, 0.0, 1.0, 17.4923, 2.5km
3, 0.0, 1.0, 17.5815, 2.5km
3, 0.0, 1.0, 17.6708, 2.5km
3, 0.0, 1.0, 17.76, 2.5km
3, 0.0, 1.0, 17.8492, 2.5km
3, 0.0, 1.0, 17.9385, 2.5km
3, 0.0, 1.0, 18.0277, 2.5km
3, 0.0, 1.0, 18.1170, 2.5km
3, 0.0, 1.0, 18.2062, 2.5km
3, 0.0, 1.0, 18.2955, 2.5km
3, 0.0, 1.0, 18.3847, 2.5km
3, 0.0, 1.0, 18.4739, 2.5km
3, 0.0, 1.0, 18.5632, 2.5km
3, 0.0, 1.0, 18.6524, 2.5km
3, 0.0, 1.0, 18.7417, 2.5km
3, 0.0, 1.0, 18.8309, 2.5km
3, 0.0, 1.0, 18.9202, 2.5km
3, 0.0, 1.0, 19.0094, 2.5km
3, 0.0, 1.0, 19.0986, 2.5km
3, 0.0, 1.0, 19.1879, 2.5km
3, 0.0, 1.0, 19.2771, 2.5km
3, 0.0, 1.0, 19.3664, 2.5km
3, 0.0, 1.0, 19.4556, 2.5km
3, 0.0, 1.0, 19.5448, 2.5km
3, 0.0, 1.0, 19.6341, 2.5km
3, 0.0, 1.0, 19.7233, 2.5km
3, 0.0, 1.0, 19.8126, 2.5km
3, 0.0, 1.0, 19.9018, 2.5km
3, 0.0, 1.0, 19.9911, 2.5km
3, 0.0, 1.0, 20.0803, 2.5km
3, 0.0, 1.0, 20.1695, 2.5km
3, 0.0, 1.0, 20.2588, 2.5km
3, 0.0, 1.0, 20.3480, 2.5km
3, 0.0, 1.0, 20.4373, 2.5km
3, 0.0, 1.0, 20.5265, 2.5km
3, 0.0, 1.0, 20.6158, 2.5km
3, 0.0, 1.0, 20.7050, 2.5km
3, 0.0, 1.0, 20.7942, 2.5km
3, 0.0, 1.0, 20.8835, 2.5km
3, 0.0, 1.0, 20.9727, 2.5km
3, 0.0, 1.0, 21.0620, 2.5km
3, 0.0, 1.0, 21.1512, 2.5km
3, 0.0, 1.0, 21.2405, 2.5km
3, 0.0, 1.0, 21.3297, 2.5km
3, 0.0, 1.0, 21.4189, 2.5km
3, 0.0, 1.0, 21.5082, 2.5km
3, 0.0, 1.0, 21.5974, 2.5km
3, 0.0, 1.0, 21.6867, 2.5km
3, 0.0, 1.0, 21.7759, 2.5km
3, 0.0, 1.0, 21.8652, 2.5km
3, 0.0, 1.0, 21.9544, 2.5km
3, 0.0, 1.0, 22.0436, 2.5km
3, 0.0, 1.0, 22.1329, 2.5km
3, 0.0, 1.0, 22.2221, 2.5km
3, 0.0, 1.0, 22.3114, 2.5km
3, 0.0, 1.0, 22.4006, 2.5km
3, 0.0, 1.0, 22.4898, 2.5km
3, 0.0, 1.0, 22.5791, 2.5km
3, 0.0, 1.0, 22.6683, 2.5km
3, 0.0, 1.0, 22.7576, 2.5km
3, 0.0, 1.0, 22.8468, 2.5km
3, 0.0, 1.0, 22.9361, 2.5km
3, 0.0, 1.0, 23.0253, 2.5km
3, 0.0, 1.0, 23.1145, 2.5km
3, 0.0, 1.0, 23.2038, 2.5km
3, 0.0, 1.0, 23.2930, 2.5km
3, 0.0, 1.0, 23.3823, 2.5km
3, 0.0, 1.0, 23.4715, 2.5km
3, 0.0, 1.0, 23.5608, 2.5km
3, 0.0, 1.0, 23.65, 2.5km
2, 2145.648279, 0.0, 9.3240, 500m
2, 2140.401065, 0.0, 9.38037, 500m
2, 2135.151532, 0.0, 9.43675, 500m
2, 2129.899772, 0.0, 9.49312, 500m
2, 2124.645879, 0.0, 9.54949, 500m
2, 2119.389945, 0.0, 9.60587, 500m
2, 2114.132062, 0.0, 9.66224, 500m
2, 2108.872323, 0.0, 9.71862, 500m
2, 2103.610821, 0.0, 9.77499, 500m
2, 2098.347648, 0.0, 9.83136, 500m
2, 2093.082897, 0.0, 9.88774, 500m
2, 2087.81666, 0.0, 9.94411, 500m
2, 2082.549031, 0.0, 10.0005, 500m
2, 2077.280102, 0.0, 10.0569, 500m
2, 2072.009966, 0.0, 10.1132, 500m
2, 2066.738714, 0.0, 10.1696, 500m
2, 2061.466441, 0.0, 10.2260, 500m
2, 2056.193238, 0.0, 10.2824, 500m
2, 2050.919198, 0.0, 10.3387, 500m
2, 2045.644414, 0.0, 10.3951, 500m
2, 2040.368977, 0.0, 10.4515, 500m
2, 2035.09298, 0.0, 10.5078, 500m
2, 2029.816515, 0.0, 10.5642, 500m
2, 2024.539674, 0.0, 10.6206, 500m
2, 2019.26255, 0.0, 10.6770, 500m
2, 2013.985234, 0.0, 10.7333, 500m
2, 2008.707818, 0.0, 10.7897, 500m
2, 2003.430394, 0.0, 10.8461, 500m
2, 1998.153053, 0.0, 10.9025, 500m
2, 1992.875887, 0.0, 10.9588, 500m
2, 1987.598987, 0.0, 11.0152, 500m
2, 1982.322443, 0.0, 11.0716, 500m
2, 1977.046348, 0.0, 11.1280, 500m
2, 1971.770792, 0.0, 11.1843, 500m
2, 1966.495864, 0.0, 11.2407, 500m
2, 1961.221657, 0.0, 11.2971, 500m
2, 1955.94826, 0.0, 11.3535, 500m
2, 1950.675763, 0.0, 11.4098, 500m
2, 1945.404256, 0.0, 11.4662, 500m
2, 1940.133828, 0.0, 11.5226, 500m
2, 1934.86457, 0.0, 11.5789, 500m
2, 1929.596569, 0.0, 11.6353, 500m
2, 1924.329916, 0.0, 11.6917, 500m
2, 1919.064699, 0.0, 11.7481, 500m
2, 1913.801005, 0.0, 11.8044, 500m
2, 1908.538925, 0.0, 11.8608, 500m
2, 1903.278544, 0.0, 11.9172, 500m
2, 1898.019952, 0.0, 11.9736, 500m
2, 1892.763236, 0.0, 12.0299, 500m
2, 1887.508482, 0.0, 12.0863, 500m
2, 1882.255777, 0.0, 12.1427, 500m
2, 1877.005209, 0.0, 12.1991, 500m
2, 1871.756862, 0.0, 12.2554, 500m
2, 1866.510824, 0.0, 12.3118, 500m
2, 1861.26718, 0.0, 12.3682, 500m
2, 1856.026015, 0.0, 12.4246, 500m
2, 1850.787414, 0.0, 12.4809, 500m
2, 1845.551461, 0.0, 12.5373, 500m
2, 1840.318242, 0.0, 12.5937, 500m
2, 1835.087839, 0.0, 12.6501, 500m
2, 1829.860337, 0.0, 12.7064, 500m
2, 1824.635819, 0.0, 12.7628, 500m
2, 1819.414367, 0.0, 12.8192, 500m
2, 1814.196065, 0.0, 12.8755, 500m
2, 1808.980994, 0.0, 12.9319, 500m
2, 1803.769236, 0.0, 12.9883, 500m
2, 1798.560872, 0.0, 13.0447, 500m
2, 1793.355984, 0.0, 13.1010, 500m
2, 1788.154652, 0.0, 13.1574, 500m
2, 1782.956957, 0.0, 13.2138, 500m
2, 1777.762977, 0.0, 13.2702, 500m
2, 1772.572793, 0.0, 13.3265, 500m
2, 1767.386483, 0.0, 13.3829, 500m
2, 1762.204125, 0.0, 13.4393, 500m
2, 1757.025799, 0.0, 13.4957, 500m
2, 1751.851582, 0.0, 13.5520, 500m
2, 1746.68155, 0.0, 13.6084, 500m
2, 1741.515782, 0.0, 13.6648, 500m
2, 1736.354352, 0.0, 13.7212, 500m
2, 1731.197338, 0.0, 13.7775, 500m
2, 1726.044814, 0.0, 13.8339, 500m
2, 1720.896855, 0.0, 13.8903, 500m
2, 1715.753537, 0.0, 13.9466, 500m
2, 1710.614932, 0.0, 14.0030, 500m
2, 1705.481116, 0.0, 14.0594, 500m
2, 1700.352161, 0.0, 14.1158, 500m
2, 1695.228139, 0.0, 14.1721, 500m
2, 1690.109123, 0.0, 14.2285, 500m
2, 1684.995184, 0.0, 14.2849, 500m
2, 1679.886395, 0.0, 14.3413, 500m
2, 1674.782825, 0.0, 14.3976, 500m
2, 1669.684544, 0.0, 14.4540, 500m
2, 1664.591624, 0.0, 14.5104, 500m
2, 1659.504132, 0.0, 14.5668, 500m
2, 1654.422138, 0.0, 14.6231, 500m
2, 1649.345709, 0.0, 14.6795, 500m
2, 1644.274915, 0.0, 14.7359, 500m
2, 1639.209821, 0.0, 14.7923, 500m
2, 1634.150495, 0.0, 14.8486, 500m
2, 1629.097002, 0.0, 14.9050, 500m
0, 2831.118818, 0.0, 1.2570, 500m
0, 2829.636878, 0.0, 1.27736, 500m
0, 2828.153366, 0.0, 1.29773, 500m
0, 2826.668284, 0.0, 1.31809, 500m
0, 2825.181633, 0.0, 1.33845, 500m
0, 2823.693414, 0.0, 1.35882, 500m
0, 2822.203629, 0.0, 1.37918, 500m
0, 2820.71228, 0.0, 1.39955, 500m
0, 2819.219367, 0.0, 1.41991, 500m
0, 2817.724894, 0.0, 1.44027, 500m
0, 2816.22886, 0.0, 1.46064, 500m
0, 2814.731268, 0.0, 1.4810, 500m
0, 2813.232119, 0.0, 1.50136, 500m
0, 2811.731415, 0.0, 1.52173, 500m
0, 2810.229157, 0.0, 1.54209, 500m
0, 2808.725347, 0.0, 1.56245, 500m
0, 2807.219987, 0.0, 1.58282, 500m
0, 2805.713077, 0.0, 1.60318, 500m
0, 2804.204621, 0.0, 1.62355, 500m
0, 2802.694619, 0.0, 1.64391, 500m
0, 2801.183073, 0.0, 1.66427, 500m
0, 2799.669984, 0.0, 1.68464, 500m
0, 2798.155355, 0.0, 1.7050, 500m
0, 2796.639187, 0.0, 1.72536, 500m
0, 2795.121481, 0.0, 1.74573, 500m
0, 2793.60224, 0.0, 1.76609, 500m
0, 2792.081464, 0.0, 1.78645, 500m
0, 2790.559157, 0.0, 1.80682, 500m
0, 2789.035318, 0.0, 1.82718, 500m
0, 2787.509951, 0.0, 1.84755, 500m
0, 2785.983057, 0.0, 1.86791, 500m
0, 2784.454638, 0.0, 1.88827, 500m
0, 2782.924694, 0.0, 1.90864, 500m
0, 2781.393229, 0.0, 1.9290, 500m
0, 2779.860244, 0.0, 1.94936, 500m
0, 2778.32574, 0.0, 1.96973, 500m
0, 2776.78972, 0.0, 1.99009, 500m
0, 2775.252186, 0.0, 2.01045, 500m
0, 2773.713138, 0.0, 2.03082, 500m
0, 2772.172579, 0.0, 2.05118, 500m
0, 2770.630511, 0.0, 2.07155, 500m
0, 2769.086935, 0.0, 2.09191, 500m
0, 2767.541854, 0.0, 2.11227, 500m
0, 2765.995269, 0.0, 2.13264, 500m
0, 2764.447183, 0.0, 2.1530, 500m
0, 2762.897596, 0.0, 2.17336, 500m
0, 2761.346511, 0.0, 2.19373, 500m
0, 2759.79393, 0.0, 2.21409, 500m
0, 2758.239855, 0.0, 2.23445, 500m
0, 2756.684287, 0.0, 2.25482, 500m
0, 2755.127229, 0.0, 2.27518, 500m
0, 2753.568682, 0.0, 2.29555, 500m
0, 2752.008649, 0.0, 2.31591, 500m
0, 2750.447131, 0.0, 2.33627, 500m
0, 2748.884131, 0.0, 2.35664, 500m
0, 2747.319649, 0.0, 2.3770, 500m
0, 2745.75369, 0.0, 2.39736, 500m
0, 2744.186253, 0.0, 2.41773, 500m
0, 2742.617342, 0.0, 2.43809, 500m
0, 2741.046958, 0.0, 2.45845, 500m
0, 2739.475103, 0.0, 2.47882, 500m
0, 2737.90178, 0.0, 2.49918, 500m
0, 2736.326991, 0.0, 2.51955, 500m
0, 2734.750736, 0.0, 2.53991, 500m
0, 2733.17302, 0.0, 2.56027, 500m
0, 2731.593843, 0.0, 2.58064, 500m
0, 2730.013207, 0.0, 2.6010, 500m
0, 2728.431116, 0.0, 2.62136, 500m
0, 2726.84757, 0.0, 2.64173, 500m
0, 2725.262572, 0.0, 2.66209, 500m
0, 2723.676125, 0.0, 2.68245, 500m
0, 2722.088229, 0.0, 2.70282, 500m
0, 2720.498888, 0.0, 2.72318, 500m
0, 2718.908104, 0.0, 2.74355, 500m
0, 2717.315878, 0.0, 2.76391, 500m
0, 2715.722214, 0.0, 2.78427, 500m
0, 2714.127112, 0.0, 2.80464, 500m
0, 2712.530575, 0.0, 2.8250, 500m
0, 2710.932606, 0.0, 2.84536, 500m
0, 2709.333207, 0.0, 2.86573, 500m
0, 2707.73238, 0.0, 2.88609, 500m
0, 2706.130126, 0.0, 2.90645, 500m
0, 2704.526449, 0.0, 2.92682, 500m
0, 2702.921351, 0.0, 2.94718, 500m
0, 2701.314833, 0.0, 2.96755, 500m
0, 2699.706898, 0.0, 2.98791, 500m
0, 2698.097549, 0.0, 3.00827, 500m
0, 2696.486788, 0.0, 3.02864, 500m
0, 2694.874616, 0.0, 3.0490, 500m
0, 2693.261037, 0.0, 3.06936, 500m
0, 2691.646052, 0.0, 3.08973, 500m
0, 2690.029665, 0.0, 3.11009, 500m
0, 2688.411876, 0.0, 3.13045, 500m
0, 2686.792689, 0.0, 3.15082, 500m
0, 2685.172106, 0.0, 3.17118, 500m
0, 2683.55013, 0.0, 3.19155, 500m
0, 2681.926762, 0.0, 3.21191, 500m
0, 2680.302005, 0.0, 3.23227, 500m
0, 2678.675861, 0.0, 3.25264, 500m
0, 2677.048334, 0.0, 3.2730, 500m
1, 2673.687197, 0.0, 3.3150, 500m
1, 2668.750511, 0.0, 3.37656, 500m
1, 2663.801313, 0.0, 3.43811, 500m
1, 2658.839671, 0.0, 3.49967, 500m
1, 2653.865655, 0.0, 3.56122, 500m
1, 2648.879334, 0.0, 3.62278, 500m
1, 2643.88078, 0.0, 3.68433, 500m
1, 2638.870064, 0.0, 3.74589, 500m
1, 2633.847259, 0.0, 3.80744, 500m
1, 2628.812438, 0.0, 3.8690, 500m
1, 2623.765674, 0.0, 3.93056, 500m
1, 2618.707043, 0.0, 3.99211, 500m
1, 2613.63662, 0.0, 4.05367, 500m
1, 2608.554481, 0.0, 4.11522, 500m
1, 2603.460704, 0.0, 4.17678, 500m
1, 2598.355366, 0.0, 4.23833, 500m
1, 2593.238546, 0.0, 4.29989, 500m
1, 2588.110323, 0.0, 4.36144, 500m
1, 2582.970778, 0.0, 4.4230, 500m
1, 2577.819992, 0.0, 4.48456, 500m
1, 2572.658045, 0.0, 4.54611, 500m
1, 2567.485021, 0.0, 4.60767, 500m
1, 2562.301002, 0.0, 4.66922, 500m
1, 2557.106073, 0.0, 4.73078, 500m
1, 2551.900318, 0.0, 4.79233, 500m
1, 2546.683822, 0.0, 4.85389, 500m
1, 2541.456672, 0.0, 4.91544, 500m
1, 2536.218955, 0.0, 4.9770, 500m
1, 2530.970757, 0.0, 5.03856, 500m
1, 2525.712167, 0.0, 5.10011, 500m
1, 2520.443275, 0.0, 5.16167, 500m
1, 2515.16417, 0.0, 5.22322, 500m
1, 2509.874942, 0.0, 5.28478, 500m
1, 2504.575682, 0.0, 5.34633, 500m
1, 2499.266482, 0.0, 5.40789, 500m
1, 2493.947435, 0.0, 5.46944, 500m
1, 2488.618633, 0.0, 5.5310, 500m
1, 2483.280171, 0.0, 5.59256, 500m
1, 2477.932143, 0.0, 5.65411, 500m
1, 2472.574644, 0.0, 5.71567, 500m
1, 2467.20777, 0.0, 5.77722, 500m
1, 2461.831618, 0.0, 5.83878, 500m
1, 2456.446284, 0.0, 5.90033, 500m
1, 2451.051866, 0.0, 5.96189, 500m
1, 2445.648464, 0.0, 6.02344, 500m
1, 2440.236175, 0.0, 6.0850, 500m
1, 2434.815099, 0.0, 6.14656, 500m
1, 2429.385338, 0.0, 6.20811, 500m
1, 2423.946991, 0.0, 6.26967, 500m
1, 2418.50016, 0.0, 6.33122, 500m
1, 2413.044947, 0.0, 6.39278, 500m
1, 2407.581455, 0.0, 6.45433, 500m
1, 2402.109787, 0.0, 6.51589, 500m
1, 2396.630047, 0.0, 6.57744, 500m
1, 2391.14234, 0.0, 6.6390, 500m
1, 2385.64677, 0.0, 6.70056, 500m
1, 2380.143442, 0.0, 6.76211, 500m
1, 2374.632463, 0.0, 6.82367, 500m
1, 2369.11394, 0.0, 6.88522, 500m
1, 2363.58798, 0.0, 6.94678, 500m
1, 2358.054689, 0.0, 7.00833, 500m
1, 2352.514177, 0.0, 7.06989, 500m
1, 2346.966552, 0.0, 7.13144, 500m
1, 2341.411923, 0.0, 7.1930, 500m
1, 2335.850399, 0.0, 7.25456, 500m
1, 2330.282092, 0.0, 7.31611, 500m
1, 2324.70711, 0.0, 7.37767, 500m
1, 2319.125566, 0.0, 7.43922, 500m
1, 2313.537571, 0.0, 7.50078, 500m
1, 2307.943237, 0.0, 7.56233, 500m
1, 2302.342676, 0.0, 7.62389, 500m
1, 2296.736, 0.0, 7.68544, 500m
1, 2291.123324, 0.0, 7.7470, 500m
1, 2285.50476, 0.0, 7.80856, 500m
1, 2279.880422, 0.0, 7.87011, 500m
1, 2274.250426, 0.0, 7.93167, 500m
1, 2268.614885, 0.0, 7.99322, 500m
1, 2262.973915, 0.0, 8.05478, 500m
1, 2257.32763, 0.0, 8.11633, 500m
1, 2251.676148, 0.0, 8.17789, 500m
1, 2246.019583, 0.0, 8.23944, 500m
1, 2240.358052, 0.0, 8.3010, 500m
1, 2234.691673, 0.0, 8.36256, 500m
1, 2229.020561, 0.0, 8.42411, 500m
1, 2223.344835, 0.0, 8.48567, 500m
1, 2217.664612, 0.0, 8.54722, 500m
1, 2211.980009, 0.0, 8.60878, 500m
1, 2206.291144, 0.0, 8.67033, 500m
1, 2200.598137, 0.0, 8.73189, 500m
1, 2194.901106, 0.0, 8.79344, 500m
1, 2189.200168, 0.0, 8.8550, 500m
1, 2183.495444, 0.0, 8.91656, 500m
1, 2177.787053, 0.0, 8.97811, 500m
1, 2172.075113, 0.0, 9.03967, 500m
1, 2166.359745, 0.0, 9.10122, 500m
1, 2160.641067, 0.0, 9.16278, 500m
1, 2154.9192, 0.0, 9.22433, 500m
1, 2149.194265, 0.0, 9.28589, 500m
1, 2143.46638, 0.0, 9.34744, 500m
1, 2137.735666, 0.0, 9.4090, 500m
3, 1637.167625, 0.0, 14.8150, 500m
3, 1629.164874, 0.0, 14.9042, 500m
3, 1621.176906, 0.0, 14.9935, 500m
3, 1613.203979, 0.0, 15.0827, 500m
3, 1605.246346, 0.0, 15.1720, 500m
3, 1597.30426, 0.0, 15.2612, 500m
3, 1589.377969, 0.0, 15.3505, 500m
3, 1581.467717, 0.0, 15.4397, 500m
3, 1573.573747, 0.0, 15.5289, 500m
3, 1565.696296, 0.0, 15.6182, 500m
3, 1557.835599, 0.0, 15.7074, 500m
3, 1549.991888, 0.0, 15.7967, 500m
3, 1542.165391, 0.0, 15.8859, 500m
3, 1534.356333, 0.0, 15.9752, 500m
3, 1526.564934, 0.0, 16.0644, 500m
3, 1518.791413, 0.0, 16.1536, 500m
3, 1511.035983, 0.0, 16.2429, 500m
3, 1503.298858, 0.0, 16.3321, 500m
3, 1495.580243, 0.0, 16.4214, 500m
3, 1487.880343, 0.0, 16.5106, 500m
3, 1480.199359, 0.0, 16.5998, 500m
3, 1472.537489, 0.0, 16.6891, 500m
3, 1464.894926, 0.0, 16.7783, 500m
3, 1457.27186, 0.0, 16.8676, 500m
3, 1449.668481, 0.0, 16.9568, 500m
3, 1442.08497, 0.0, 17.0461, 500m
3, 1434.521508, 0.0, 17.1353, 500m
3, 1426.978273, 0.0, 17.2245, 500m
3, 1419.455438, 0.0, 17.3138, 500m
3, 1411.953174, 0.0, 17.4030, 500m
3, 1404.471647, 0.0, 17.4923, 500m
3, 1397.011021, 0.0, 17.5815, 500m
3, 1389.571456, 0.0, 17.6708, 500m
3, 1382.15311, 0.0, 17.76, 500m
3, 1374.756136, 0.0, 17.8492, 500m
3, 1367.380684, 0.0, 17.9385, 500m
3, 1360.026902, 0.0, 18.0277, 500m
3, 1352.694933, 0.0, 18.1170, 500m
3, 1345.384918, 0.0, 18.2062, 500m
3, 1338.096995, 0.0, 18.2955, 500m
3, 1330.831298, 0.0, 18.3847, 500m
3, 1323.587958, 0.0, 18.4739, 500m
3, 1316.367103, 0.0, 18.5632, 500m
3, 1309.168857, 0.0, 18.6524, 500m
3, 1301.993343, 0.0, 18.7417, 500m
3, 1294.840679, 0.0, 18.8309, 500m
3, 1287.71098, 0.0, 18.9202, 500m
3, 1280.604359, 0.0, 19.0094, 500m
3, 1273.520926, 0.0, 19.0986, 500m
3, 1266.460786, 0.0, 19.1879, 500m
3, 1259.424044, 0.0, 19.2771, 500m
3, 1252.410799, 0.0, 19.3664, 500m
3, 1245.42115, 0.0, 19.4556, 500m
3, 1238.455191, 0.0, 19.5448, 500m
3, 1231.513014, 0.0, 19.6341, 500m
3, 1224.594708, 0.0, 19.7233, 500m
3, 1217.700359, 0.0, 19.8126, 500m
3, 1210.830051, 0.0, 19.9018, 500m
3, 1203.983864, 0.0, 19.9911, 500m
3, 1197.161876, 0.0, 20.0803, 500m
3, 1190.364161, 0.0, 20.1695, 500m
3, 1183.590794, 0.0, 20.2588, 500m
3, 1176.841842, 0.0, 20.3480, 500m
3, 1170.117375, 0.0, 20.4373, 500m
3, 1163.417455, 0.0, 20.5265, 500m
3, 1156.742145, 0.0, 20.6158, 500m
3, 1150.091506, 0.0, 20.7050, 500m
3, 1143.465592, 0.0, 20.7942, 500m
3, 1136.86446, 0.0, 20.8835, 500m
3, 1130.28816, 0.0, 20.9727, 500m
3, 1123.736744, 0.0, 21.0620, 500m
3, 1117.210257, 0.0, 21.1512, 500m
3, 1110.708744, 0.0, 21.2405, 500m
3, 1104.232249, 0.0, 21.3297, 500m
3, 1097.780811, 0.0, 21.4189, 500m
3, 1091.354468, 0.0, 21.5082, 500m
3, 1084.953256, 0.0, 21.5974, 500m
3, 1078.577208, 0.0, 21.6867, 500m
3, 1072.226355, 0.0, 21.7759, 500m
3, 1065.900727, 0.0, 21.8652, 500m
3, 1059.60035, 0.0, 21.9544, 500m
3, 1053.32525, 0.0, 22.0436, 500m
3, 1047.075448, 0.0, 22.1329, 500m
3, 1040.850966, 0.0, 22.2221, 500m
3, 1034.651822, 0.0, 22.3114, 500m
3, 1028.478034, 0.0, 22.4006, 500m
3, 1022.329615, 0.0, 22.4898, 500m
3, 1016.206578, 0.0, 22.5791, 500m
3, 1010.108935, 0.0, 22.6683, 500m
3, 1004.036694, 0.0, 22.7576, 500m
3, 997.989862, 0.0, 22.8468, 500m
3, 991.968445, 0.0, 22.9361, 500m
3, 985.972447, 0.0, 23.0253, 500m
3, 980.001869, 0.0, 23.1145, 500m
3, 974.056711, 0.0, 23.2038, 500m
3, 968.136972, 0.0, 23.2930, 500m
3, 962.242647, 0.0, 23.3823, 500m
3, 956.373733, 0.0, 23.4715, 500m
3, 950.530223, 0.0, 23.5608, 500m
3, 944.712107, 0.0, 23.65, 500m
